health_region_code,legacy_reconstructed,canonical,diagnostic_80_plus,absolute_difference
11001,9.02224156642051,9.02224156642051,9.277570444654533,0.25532887823402284
11002,8.850876480100617,8.850876480100617,8.850876480100617,0.0
11003,9.390454985270454,9.390454985270456,9.390454985270454,1.7763568394002505e-15
11004,7.209200587540716,7.209200587540715,7.244318936770737,0.03511834923002244
11005,10.912446677263302,10.912446677263304,10.912446677263302,1.7763568394002505e-15
11006,8.692954266258216,8.692954266258216,9.336096743869426,0.6431424776112102
11007,11.748964228407981,11.74896422840798,11.748964228407981,1.7763568394002505e-15
12001,8.299196972859919,8.299196972859919,8.299196972859919,0.0
12002,12.241839071107252,12.241839071107254,12.241839071107252,1.7763568394002505e-15
12003,10.98998065058332,10.98998065058332,10.98998065058332,0.0
13001,6.144743788306698,6.144743788306698,6.189791803147407,0.04504801484070864
13002,4.8939771054228025,4.8939771054228025,4.8939771054228025,0.0
13003,5.526765212178121,5.526765212178121,5.526765212178121,0.0
13004,4.696866825770348,4.696866825770347,4.696866825770348,8.881784197001252e-16
13005,11.82159036690738,11.82159036690738,11.82159036690738,0.0
13006,4.956116282020049,4.956116282020049,4.956116282020049,0.0
13007,13.065494803969385,13.065494803969385,13.065494803969385,0.0
13008,8.472154448175683,8.472154448175683,8.472154448175683,0.0
13009,18.32962056941261,18.32962056941261,18.413500715750665,0.08388014633805341
14001,9.465833615246916,9.465833615246916,9.625070591290033,0.15923697604311648
14002,6.43028825145465,6.430288251454649,6.43028825145465,8.881784197001252e-16
15001,9.74846111612001,9.74846111612001,9.985153810949152,0.23669269482914146
15002,8.115038330103738,8.115038330103738,8.26476687760491,0.14972854750117115
15003,6.664205516280737,6.664205516280738,6.885665220203318,0.22145970392258008
15004,6.834555126844768,6.834555126844768,6.834555126844768,0.0
15006,3.915856264296425,3.915856264296424,4.01395077626705,0.09809451197062602
15007,4.2273475217740035,4.2273475217740035,4.2273475217740035,0.0
15008,5.319802566639529,5.319802566639529,5.379145017000552,0.05934245036102315
15009,4.4990904163865375,4.4990904163865375,4.4990904163865375,0.0
15010,9.285765347127237,9.285765347127237,9.285765347127237,0.0
15011,4.889009294756901,4.889009294756901,4.941892962148998,0.05288366739209671
15012,6.064213853419446,6.064213853419446,6.252682093296126,0.1884682398766797
15013,3.817495290593324,3.8174952905933246,3.9911528767854096,0.17365758619208504
15014,5.8197925903552346,5.8197925903552346,5.8197925903552346,0.0
16001,9.345347124670477,9.345347124670475,9.389184702623096,0.043837577952620777
16002,12.246616930538554,12.246616930538554,12.246616930538554,0.0
16003,6.541527431705893,6.541527431705893,6.805821836402652,0.26429440469675924
17001,9.540005887849563,9.540005887849563,9.672656395326188,0.1326505074766242
17002,6.48944455702325,6.489444557023251,6.48944455702325,8.881784197001252e-16
17003,13.132391297275337,13.132391297275335,13.474930313382709,0.3425390161073736
17004,11.77764723858133,11.77764723858133,12.358336352334893,0.5806891137535626
17005,10.851490748347993,10.851490748347995,11.18645669228176,0.33496594393376533
17006,10.025763999257247,10.025763999257247,10.188929899237566,0.16316589998031894
17007,12.131257763286948,12.131257763286948,12.131257763286948,0.0
17008,11.435610400108473,11.435610400108477,11.7295607337114,0.29395033360292366
21001,8.266394275513452,8.266394275513452,8.325566288599651,0.059172013086199016
21002,7.741076740055629,7.741076740055629,7.898221421473632,0.15714468141800353
21003,8.873690461900365,8.873690461900367,8.873690461900365,1.7763568394002505e-15
21004,6.629207760242127,6.629207760242127,6.68705063955706,0.057842879314932816
21005,9.275831092807927,9.275831092807929,9.275831092807927,1.7763568394002505e-15
21006,3.4144064369823033,3.4144064369823033,3.4463131910840166,0.031906754101713286
21007,5.612416212380561,5.612416212380562,5.65114206859378,0.038725856213218
21008,7.3184256338678475,7.318425633867847,7.445709251319311,0.12728361745146444
21009,4.389442256742361,4.389442256742361,4.389442256742361,0.0
21010,4.643540479368414,4.643540479368413,4.643540479368414,8.881784197001252e-16
21011,3.3849470282048837,3.3849470282048832,3.5717321664585735,0.18678513825369025
21012,6.791508379880064,6.791508379880064,6.868616675177813,0.07710829529774887
21013,4.055727214847116,4.055727214847116,4.055727214847116,0.0
21014,4.790958052668136,4.790958052668136,4.8743694729047276,0.0834114202365912
21015,9.336682842370239,9.33668284237024,9.48197693618147,0.14529409381122882
21016,4.762115744905809,4.762115744905808,4.841214118655526,0.0790983737497184
21017,8.575254436726002,8.575254436726002,8.625500690239726,0.05024625351372336
21018,4.525313532891802,4.525313532891802,4.62254210445769,0.09722857156588738
21019,7.032703114730094,7.032703114730093,7.158341276077945,0.12563816134785188
22001,12.525159783383168,12.525159783383168,12.661492776270636,0.1363329928874677
22002,10.841100022075754,10.841100022075754,11.00436052636016,0.16326050428440553
22003,10.549560974553337,10.549560974553335,10.615177713118268,0.06561673856493222
22004,8.232406011149777,8.232406011149777,8.422074521749273,0.1896685105994962
22005,7.584919719886571,7.584919719886571,7.738230150706681,0.15331043082010964
22006,11.281081036963698,11.281081036963696,11.528953737422341,0.24787270045864496
22007,8.703883981134762,8.703883981134762,8.703883981134762,0.0
22008,13.196149470836813,13.196149470836811,13.44580815412893,0.24965868329211816
22009,14.951393594965037,14.951393594965037,15.105848254598698,0.1544546596336609
22010,13.80629059383614,13.80629059383614,13.86686521865025,0.06057462481411058
22011,11.334014910928195,11.334014910928197,11.69486005644718,0.36084514551898295
22012,15.42913002247082,15.42913002247082,15.49726876947574,0.06813874700491951
23001,6.154516409119872,6.154516409119872,6.20816895200673,0.053652542886857724
23011,9.512744692633222,9.51274469263322,9.62020919743565,0.10746450480242942
23023,10.281568263827513,10.281568263827513,10.39188282929867,0.11031456547115681
23024,10.83949564041604,10.83949564041604,10.955499532365518,0.1160038919494788
23025,8.955931377514817,8.955931377514819,9.086833897797403,0.13090252028258398
24001,5.381549518989007,5.381549518989007,5.381549518989007,0.0
24002,8.890059695583133,8.890059695583135,8.964456694515327,0.0743969989321922
24003,5.487945783838891,5.487945783838891,5.517239244114983,0.02929346027609192
24004,11.455795931753265,11.455795931753268,11.526270440865613,0.07047450911234421
24005,6.272557747189603,6.272557747189603,6.3120627818881125,0.039505034698509967
24006,9.6282985476278,9.6282985476278,9.685833249704826,0.05753470207702627
24007,5.771245460069051,5.771245460069051,5.86889086445907,0.09764540439001923
24008,5.625270133490531,5.625270133490531,5.625270133490531,0.0
25001,5.919251147933821,5.919251147933821,5.97588160058889,0.05663045265506916
25002,4.767043931375005,4.767043931375004,4.791092325041553,0.024048393666548762
25003,9.917672351134733,9.917672351134732,9.99182578208726,0.0741534309525278
25004,10.50423798779942,10.504237987799424,10.64186828536379,0.13763029756436573
25005,8.066329853027636,8.066329853027637,8.122003504122793,0.05567365109515521
25006,9.142054523557285,9.142054523557285,9.211256728009,0.06920220445171488
25007,14.307037008044386,14.307037008044386,14.61965000121495,0.3126129931705641
25008,13.280636742925116,13.280636742925116,13.350568989433405,0.069932246508289
25009,11.485052922590398,11.4850529225904,11.525687220585807,0.040634297995406854
25010,9.017087269031293,9.017087269031297,9.213370647619577,0.19628337858828004
25011,11.51697121560189,11.51697121560189,11.6180020482668,0.1010308326649092
25012,3.021921781309963,3.0219217813099624,3.021921781309963,4.440892098500626e-16
25013,7.207893553166527,7.207893553166527,7.321701360079726,0.11380780691319892
25014,7.004568464559441,7.004568464559441,7.004568464559441,0.0
25015,6.761696216496247,6.761696216496247,6.880419035780287,0.11872281928403972
25016,8.898660439913971,8.898660439913971,9.001382239111212,0.10272179919724067
26001,4.927757754459869,4.927757754459869,5.062701104701665,0.13494335024179538
26002,5.353694523145491,5.353694523145491,5.353694523145491,0.0
26003,6.073685963000774,6.073685963000774,6.130706916938502,0.057020953937728436
26004,6.008350234240381,6.008350234240381,6.182908443059447,0.17455820881906625
26005,5.902715386566614,5.902715386566614,6.043089535303764,0.14037414873715015
26006,6.834932897094967,6.8349328970949665,6.8511785314353535,0.01624563434038695
26007,10.558393613813974,10.558393613813976,10.697384306071907,0.1389906922579307
26008,3.9527840387806217,3.9527840387806217,3.9527840387806217,0.0
26009,8.045512788035552,8.045512788035554,8.126651708827758,0.08113892079220442
26010,4.716595417962403,4.716595417962404,4.765186411846576,0.04859099388417221
26011,11.93279237104349,11.93279237104349,11.93279237104349,0.0
26012,7.833639807963095,7.833639807963095,7.904459707272419,0.07081989930932409
27001,4.897736503726929,4.89773650372693,4.958497114770904,0.06076061104397468
27002,2.8514949564637826,2.8514949564637826,2.8514949564637826,0.0
27003,5.144527205610283,5.144527205610282,5.211167130769072,0.06663992515878991
27004,7.0294856607037906,7.0294856607037906,7.127931672771186,0.09844601206739512
27005,4.662102433075611,4.662102433075611,4.893136763298462,0.23103433022285103
27006,4.4771300559151275,4.4771300559151275,4.627329330426014,0.15019927451088666
27007,5.339569939678956,5.339569939678955,5.442372836726558,0.10280289704760293
27008,7.133801226543027,7.133801226543026,7.133801226543027,8.881784197001252e-16
27009,8.456963239246678,8.45696323924668,8.552761111341448,0.09579787209476898
27010,6.463849477750917,6.463849477750917,6.633440753117022,0.16959127536610552
28001,5.382220784786514,5.382220784786515,5.382220784786514,8.881784197001252e-16
28002,5.622533601825199,5.622533601825199,5.622533601825199,0.0
28003,9.215346497490255,9.215346497490255,9.430837172518457,0.2154906750282013
28004,6.345365101464831,6.345365101464831,6.506400279709817,0.16103517824498592
28005,8.277337314771188,8.277337314771188,8.353472330471705,0.07613501570051717
28006,5.76836298352359,5.768362983523591,5.818966212914441,0.050603229390850046
28007,6.765127648977389,6.765127648977389,6.765127648977389,0.0
29001,5.697134725113988,5.697134725113988,5.742397310718966,0.04526258560497798
29002,7.45629754872807,7.45629754872807,7.553463758828709,0.09716621010063875
29003,7.859664633558988,7.859664633558988,8.023582178645384,0.1639175450863961
29004,3.753348686820817,3.753348686820817,3.753348686820817,0.0
29005,5.765288930321666,5.765288930321667,5.765288930321666,8.881784197001252e-16
29006,4.29428652286025,4.29428652286025,4.348912343774204,0.05462582091395429
29007,6.9801094311461975,6.980109431146197,6.995597086202186,0.015487655055989258
29008,7.97820438844606,7.97820438844606,8.067869759822832,0.08966537137677211
29009,5.518008371278334,5.518008371278334,5.549384318045772,0.03137594676743749
29010,9.532378448665188,9.532378448665186,9.555731477199208,0.023353028534021547
29011,5.604442521618738,5.604442521618738,5.6851259890242485,0.08068346740551036
29012,4.614588726576953,4.614588726576952,4.691740505477541,0.07715177890058911
29013,6.396105921498468,6.396105921498467,6.396105921498468,8.881784197001252e-16
29014,6.990593480119204,6.9905934801192045,7.129290254169959,0.13869677405075453
29015,5.26268973980424,5.26268973980424,5.336072095895449,0.07338235609120858
29016,7.030057582651484,7.030057582651483,7.115731191089757,0.08567360843827387
29017,5.58250230009579,5.582502300095791,5.621098675726755,0.03859637563096463
29018,6.174636416267524,6.174636416267524,6.174636416267524,0.0
29019,7.740493998839986,7.740493998839986,7.812758127583599,0.07226412874361365
29020,3.719903850491744,3.719903850491744,3.7416221218435552,0.021718271351811147
29021,7.111240472600317,7.1112404726003176,7.2821793236671875,0.1709388510668699
29022,5.311072507137449,5.311072507137449,5.356994640045902,0.04592213290845315
29023,10.113400262472286,10.113400262472286,10.252768396218569,0.13936813374628265
29024,4.954904665560765,4.954904665560765,4.954904665560765,0.0
29025,5.9199840371235055,5.919984037123505,5.9804936991063595,0.0605096619828549
29026,4.79514162709443,4.795141627094429,4.930320551100619,0.13517892400619047
29027,6.011736889427098,6.011736889427098,6.255391134104157,0.24365424467705843
29028,6.277956390342397,6.277956390342397,6.328569680944616,0.050613290602218974
31001,14.19760359058421,14.19760359058421,14.40521393945011,0.20761034886590046
31002,9.521336679101504,9.521336679101502,9.521336679101504,1.7763568394002505e-15
31003,10.931329481278274,10.931329481278272,11.157423578359278,0.22609409708100614
31004,12.108333944051964,12.108333944051964,12.108333944051964,0.0
31006,10.259403599777505,10.259403599777508,10.434659523464338,0.17525592368683007
31007,9.22811573691184,9.22811573691184,9.297284594584982,0.06916885767314085
31008,11.751522277527698,11.751522277527698,11.943646186074975,0.192123908547277
31009,10.719704210610304,10.719704210610304,10.859689561586316,0.13998535097601206
31010,12.910688426065134,12.910688426065134,13.113579042058252,0.20289061599311786
31011,10.769823504521728,10.769823504521728,10.769823504521728,0.0
31012,11.510218585184262,11.510218585184262,11.616398462363714,0.10617987717945176
31013,11.8782646068603,11.8782646068603,11.980890500188067,0.10262589332776706
31015,10.77933137048209,10.779331370482089,10.81292383087396,0.033592460391870915
31016,5.3295311793456746,5.3295311793456746,5.36837389446432,0.03884271511864501
31017,7.221551707911203,7.221551707911204,7.27543463798098,0.053882930069775625
31018,3.204243576363737,3.2042435763637367,3.2662749843101473,0.0620314079464106
31019,11.420086673706521,11.420086673706525,11.518294969636013,0.09820829592948854
31020,6.887658012555612,6.887658012555612,6.887658012555612,0.0
31021,8.836279105462848,8.83627910546285,8.872102076467147,0.03582297100429699
31022,7.661293834501459,7.661293834501459,7.661293834501459,0.0
31023,6.804179532616556,6.804179532616556,6.854181872278271,0.050002339661714856
31024,8.895431239717317,8.895431239717317,8.981994395841769,0.08656315612445198
31025,5.236166626540666,5.236166626540666,5.30324721246095,0.06708058592028365
31026,7.923412875992232,7.923412875992232,8.1115027289058,0.18808985291356706
31027,11.983919695277908,11.983919695277908,12.069482804296484,0.085563109018576
31028,8.286254059338265,8.286254059338267,8.439485306781824,0.1532312474435571
31030,10.13496571201399,10.13496571201399,10.445382667787072,0.31041695577308204
31031,9.709504446650008,9.709504446650008,9.709504446650008,0.0
31032,10.412407563945905,10.412407563945903,10.583572766574466,0.17116520262856305
31034,7.1823660027805944,7.1823660027805944,7.256803862369272,0.07443785958867721
31035,9.02233837250118,9.022338372501178,9.059008945842749,0.036670573341570645
31036,7.570302921346838,7.570302921346838,7.612180086921419,0.0418771655745811
31037,7.346276732934191,7.346276732934191,7.555590371171557,0.20931363823736593
31038,8.893646390960486,8.893646390960486,8.893646390960486,0.0
31040,6.877178646147486,6.877178646147486,6.877178646147486,0.0
31041,6.091427973123688,6.091427973123688,6.091427973123688,0.0
31042,5.797382016879229,5.79738201687923,5.797382016879229,8.881784197001252e-16
31044,6.4838750691557765,6.483875069155777,6.558255042279184,0.07437997312340627
31045,8.034055960220156,8.034055960220156,8.18349276081359,0.149436800593433
31046,8.846708643506952,8.846708643506954,8.846708643506952,1.7763568394002505e-15
31047,8.185973494645488,8.185973494645488,8.403003704083075,0.21703020943758666
31048,8.87621903248972,8.87621903248972,8.901351589849718,0.02513255735999742
31050,13.161999628784,13.161999628784002,13.161999628784,1.7763568394002505e-15
31051,7.7560443957231,7.7560443957231,7.7560443957231,0.0
31052,9.274506690019674,9.274506690019676,9.340057045225308,0.06555035520563202
31053,11.01840924532926,11.01840924532926,11.01840924532926,0.0
31055,10.318215065560759,10.318215065560755,10.318215065560759,3.552713678800501e-15
31057,14.028515865777809,14.028515865777807,14.190794993549888,0.16227912777208076
31058,10.526965246828775,10.526965246828777,10.569670395959427,0.04270514913065071
31059,6.687608187025298,6.6876081870252975,6.7453479849283315,0.057739797903034074
31060,8.213854584241068,8.213854584241068,8.273131372914849,0.059276788673781056
31061,10.75257034031927,10.75257034031927,10.75257034031927,0.0
31062,3.8025015495839734,3.802501549583974,3.8025015495839734,4.440892098500626e-16
31064,3.2740690827472,3.2740690827472,3.2740690827472,0.0
31065,3.7641901157800843,3.764190115780084,3.7641901157800843,4.440892098500626e-16
31066,1.7766534706377453,1.7766534706377453,1.7766534706377453,0.0
31067,6.474428037984286,6.474428037984285,6.474428037984286,8.881784197001252e-16
31068,7.998115438627124,7.998115438627125,7.998115438627124,8.881784197001252e-16
31070,10.27806972101209,10.278069721012088,10.27806972101209,1.7763568394002505e-15
31071,10.356092548503732,10.356092548503732,10.548809279602454,0.1927167310987219
31072,7.551225484126455,7.551225484126454,7.60344106629652,0.05221558217006628
31073,10.38336445004401,10.38336445004401,10.767372719571448,0.3840082695274383
31074,11.375945834938484,11.375945834938484,11.779244279477512,0.4032984445390273
31075,8.787365502027713,8.787365502027713,8.830051592437043,0.04268609040932958
31076,13.569647003354888,13.569647003354888,13.941852277673238,0.3722052743183504
31077,13.458116872346476,13.458116872346478,13.791134195435435,0.3330173230889564
31078,8.565866143696462,8.56586614369646,8.565866143696462,1.7763568394002505e-15
31079,8.144784950330699,8.144784950330699,8.187758719783226,0.04297376945252651
31082,18.138967417247972,18.138967417247976,18.224182044722877,0.08521462747490105
31083,8.723087833907263,8.723087833907263,8.723087833907263,0.0
31084,7.272928264224756,7.272928264224756,7.412928296245651,0.14000003202089495
31085,4.736095470635149,4.736095470635149,4.875561487211286,0.13946601657613655
31086,8.815581303311433,8.815581303311433,9.041790282689519,0.22620897937808593
31087,11.194529978854309,11.194529978854307,11.338996766656736,0.14446678780242905
31088,10.687593337930362,10.687593337930362,10.687593337930362,0.0
31089,12.655556520526702,12.655556520526702,12.977023682562521,0.3214671620358196
31090,11.094312461646263,11.094312461646265,11.187045332570134,0.09273287092386973
31091,11.600432729466933,11.600432729466933,11.600432729466933,0.0
31092,13.71865660361924,13.71865660361924,13.761910775598718,0.043254171979478784
31093,11.332304668574263,11.332304668574263,11.437099053935095,0.1047943853608313
31094,5.5637726598465065,5.5637726598465065,5.5637726598465065,0.0
31095,9.293873967121181,9.29387396712118,9.43435473255768,0.14048076543650012
31096,4.412768300185393,4.412768300185393,4.412768300185393,0.0
31097,7.882753791382751,7.88275379138275,8.034006141320877,0.15125234993812686
31098,10.34124643510508,10.34124643510508,10.34124643510508,0.0
31099,8.370678491820847,8.370678491820847,8.370678491820847,0.0
31100,5.819407264107264,5.819407264107264,5.919862077021045,0.10045481291378078
31101,9.498947100319535,9.498947100319535,9.70452688469631,0.20557978437677527
31102,3.880430607735943,3.880430607735943,3.880430607735943,0.0
32001,7.408092320472608,7.408092320472608,7.5159984039648755,0.10790608349226716
32002,6.1345423944319295,6.13454239443193,6.167576124586152,0.033033730154221175
32003,6.543572947124215,6.543572947124215,6.7157408855138385,0.17216793838962374
32004,7.883958661581097,7.883958661581097,7.92231110151486,0.038352439933762916
33001,5.013415405620424,5.013415405620423,5.013415405620424,8.881784197001252e-16
33002,4.339957035025272,4.339957035025272,4.415469586438839,0.07551255141356705
33003,4.908467450405591,4.90846745040559,4.908467450405591,8.881784197001252e-16
33004,5.250156237813488,5.250156237813488,5.318839671503171,0.06868343368968333
33005,3.4668494658410833,3.466849465841083,3.5143233976237713,0.04747393178268844
33006,4.277920794228564,4.277920794228564,4.323586362388448,0.045665568159884096
33007,5.769335721629032,5.76933572162903,5.830862217500228,0.06152649587119807
33008,6.841058957566082,6.841058957566082,6.912166914970659,0.07110795740457743
33009,7.102429703226574,7.102429703226574,7.118829334051791,0.01639963082521767
35011,4.440901365927938,4.440901365927939,4.491511576877798,0.05061021094985918
35012,6.15038783485341,6.15038783485341,6.1808904010525145,0.03050256619910474
35013,3.029793133351347,3.029793133351347,3.063476940443945,0.033683807092597995
35014,5.5891940599773315,5.5891940599773315,5.5891940599773315,0.0
35015,4.926124110363221,4.926124110363221,4.957187360126881,0.03106324976366004
35016,1.57495744434168,1.57495744434168,1.5964153714975988,0.021457927155918766
35021,7.549725254255281,7.549725254255281,7.61246695000964,0.06274169575435895
35022,8.683786628397906,8.683786628397906,8.905223846367543,0.2214372179696369
35023,8.346274536104247,8.346274536104247,8.346274536104247,0.0
35031,9.455109585197416,9.455109585197416,9.60556625177473,0.15045666657731438
35032,7.492435466151659,7.492435466151659,7.514352820088753,0.021917353937094042
35033,10.190466265846215,10.190466265846212,10.292044133554766,0.10157786770855459
35041,7.211732954572409,7.21173295457241,7.264534082781374,0.05280112820896399
35051,7.655899726166873,7.655899726166873,7.836587143567837,0.18068741740096428
35052,7.059012230745219,7.059012230745219,7.1135432071314675,0.05453097638624804
35061,11.374504804728906,11.374504804728904,11.449195886315472,0.07469108158656823
35062,7.520911205746212,7.520911205746212,7.5483836659682115,0.02747246022199956
35063,10.285477707239398,10.285477707239398,10.314079156599487,0.028601449360088793
35064,7.990818851678754,7.990818851678754,8.016368606613703,0.025549754934949043
35065,10.591869287061332,10.59186928706133,10.641478899396125,0.04960961233479466
35071,8.915222337428533,8.915222337428533,8.956411254905861,0.04118891747732789
35072,6.23558493380886,6.235584933808861,6.314210003125071,0.07862506931621027
35073,5.221099457805098,5.221099457805099,5.4198902742653825,0.19879081646028318
35074,9.999925425499736,9.999925425499734,10.050937336209858,0.05101191071012323
35081,8.69172944225946,8.69172944225946,8.792237758248682,0.10050831598922194
35082,8.13269597606072,8.13269597606072,8.585231021534621,0.4525350454739012
35083,7.844402722599805,7.8444027225998045,7.844402722599805,8.881784197001252e-16
35091,9.77387852257229,9.77387852257229,9.89568802524614,0.12180950267384993
35092,10.409642910460935,10.409642910460937,10.409642910460935,1.7763568394002505e-15
35093,10.56446910140458,10.56446910140458,10.613302912293435,0.048833810888854856
35094,7.462978275921383,7.462978275921383,7.462978275921383,0.0
35095,9.72415893666719,9.724158936667193,9.72415893666719,3.552713678800501e-15
35101,6.99415865938748,6.994158659387481,7.073776305820454,0.07961764643297276
35102,7.878918743382604,7.878918743382604,7.878918743382604,0.0
35103,7.567690439640297,7.567690439640297,7.640018929695426,0.07232849005512865
35104,6.634216983000937,6.634216983000938,6.668604827277791,0.034387844276853485
35111,5.422327125033162,5.422327125033162,5.708547705683353,0.2862205806501912
35112,8.213982739854254,8.213982739854254,8.25866633327886,0.04468359342460637
35113,12.854062554503402,12.8540625545034,12.854062554503402,1.7763568394002505e-15
35114,11.05930736557199,11.05930736557199,11.145265938953726,0.08595857338173651
35115,11.774422822313118,11.77442282231312,11.774422822313118,1.7763568394002505e-15
35121,8.442573958736029,8.442573958736029,8.442573958736029,0.0
35131,8.515119615294756,8.515119615294756,8.891533308422707,0.3764136931279509
35132,8.105187865188274,8.105187865188274,8.12822531665405,0.023037451465775405
35133,7.956667076208074,7.956667076208074,8.092567814171444,0.13590073796336988
35141,7.417228131287987,7.417228131287987,7.4839438742804,0.06671574299241279
35142,11.039873950592382,11.039873950592382,11.180482622215719,0.1406086716233368
35143,9.191579991180731,9.191579991180731,9.280237118119832,0.08865712693910055
35151,7.811221703540271,7.811221703540272,7.918653588588654,0.10743188504838219
35152,12.05312395067473,12.053123950674731,12.05312395067473,1.7763568394002505e-15
35153,10.111648085794027,10.111648085794029,10.32189926418647,0.21025117839244167
35154,8.485743231671766,8.485743231671766,8.61982057318488,0.13407734151311423
35155,6.905785830594973,6.905785830594973,6.977947911015051,0.07216208042007821
35156,6.482120841682066,6.482120841682066,6.482120841682066,0.0
35157,10.714368222238205,10.714368222238203,10.786198640441224,0.07183041820302094
35161,8.740878153597084,8.740878153597084,8.832583028979691,0.0917048753826073
35162,12.250304883842551,12.250304883842553,12.632043196051399,0.3817383122088458
35163,8.723068789168847,8.723068789168847,8.750266975586324,0.027198186417477288
35171,6.123714817519983,6.123714817519983,6.23949163521679,0.11577681769680748
35172,6.585938059739386,6.585938059739386,6.65348067446884,0.06754261472945355
35173,8.31493041212548,8.31493041212548,8.31493041212548,0.0
35174,4.441290377830522,4.441290377830522,4.4801306221949515,0.038840244364429566
41001,9.442962846163123,9.442962846163123,9.442962846163123,0.0
41002,7.673424103177347,7.673424103177348,7.752130316975311,0.07870621379796283
41003,10.432551741048723,10.432551741048725,10.4928409109434,0.060289169894675254
41004,9.713220767832956,9.713220767832958,9.713220767832956,1.7763568394002505e-15
41005,14.13057017572912,14.13057017572912,14.18644593855577,0.05587576282665019
41006,12.52090852171109,12.52090852171109,12.65258938080645,0.13168085909535954
41007,14.328991970610952,14.328991970610954,14.504518764992516,0.17552679438156282
41008,13.295704516377354,13.295704516377356,13.482438109414305,0.18673359303694959
41009,9.851223587529475,9.851223587529471,10.098116570542933,0.24689298301346163
41010,10.86173331817691,10.86173331817691,10.946772732678678,0.0850394145017681
41011,8.829516989440716,8.829516989440716,8.854549941211834,0.025032951771118306
41012,8.781814308948546,8.781814308948547,8.808647080993685,0.026832772045137787
41013,8.084255282717185,8.084255282717185,8.192716537871949,0.10846125515476324
41014,11.586844987598175,11.586844987598177,11.68710477988074,0.10025979228256254
41015,7.325240458838629,7.325240458838629,7.346356658039763,0.021116199201133945
41016,8.594638814163952,8.594638814163952,8.69602014380745,0.10138132964349822
41017,7.274454464280142,7.274454464280142,7.384016214268228,0.1095617499880861
41018,8.96830499665741,8.96830499665741,9.125096930486452,0.15679193382904089
41019,11.876808723681313,11.876808723681313,11.907557843184865,0.03074911950355208
41020,10.962641476832644,10.962641476832646,11.253657012933044,0.29101553610039765
41021,10.074711785170253,10.074711785170251,10.30036675322814,0.22565496805788854
41022,10.2892573621371,10.2892573621371,10.609964658549638,0.3207072964125377
42001,18.483114397038847,18.48311439703885,19.04600897488002,0.5628945778411705
42002,13.428422482159336,13.428422482159336,13.66756109769203,0.23913861553269378
42003,12.064355647426249,12.064355647426249,12.230905729035788,0.16655008160953955
42004,14.47376510003828,14.47376510003828,14.68122161565603,0.20745651561774991
42005,8.243802402028688,8.243802402028688,8.302689471897443,0.05888706986875469
42006,10.398562624114817,10.398562624114817,10.641772439549309,0.24320981543449172
42007,8.442557824989327,8.442557824989327,8.556032361672333,0.11347453668300567
42008,12.497564600650374,12.497564600650376,12.59230513101267,0.09474053036229435
42009,13.95411724696286,13.95411724696286,14.174168081647855,0.22005083468499542
42010,17.193006826300977,17.193006826300977,17.247250634781114,0.054243808480137545
42011,7.498853077213122,7.498853077213123,7.607411757427837,0.10855868021471338
42012,10.703635979637841,10.70363597963784,10.91839562448514,0.21475964484729992
42013,11.233578640813933,11.233578640813931,11.415490752667768,0.18191211185383693
42014,12.634691564548135,12.634691564548136,12.68006813710458,0.04537657255644412
42015,10.064209685435774,10.064209685435774,10.154609576949476,0.09039989151370165
42016,11.341209760207306,11.341209760207304,11.504928708208993,0.16371894800168896
42017,9.023782922410403,9.0237829224104,9.164776595309933,0.14099367289953335
43001,13.647728292759904,13.647728292759904,13.866111436672433,0.21838314391252922
43002,12.921669210815919,12.92166921081592,13.631053716394065,0.7093845055781447
43003,9.746658946612664,9.746658946612664,10.02218160990713,0.27552266329446695
43004,12.836462755707107,12.836462755707108,13.04616640556079,0.20970364985368128
43005,9.636893342220999,9.636893342221,9.742856210486647,0.10596286826564594
43006,13.861124479966074,13.861124479966076,13.861124479966074,1.7763568394002505e-15
43007,10.394489337223348,10.394489337223348,10.621396992542731,0.2269076553193834
43008,10.292757172748843,10.29275717274884,10.443228792154288,0.15047161940544918
43009,11.601950511495934,11.601950511495934,11.832141219109024,0.23019070761309024
43010,8.702376645130826,8.702376645130828,8.794988381310173,0.09261173617934482
43011,17.131480139994935,17.131480139994935,17.392530804566118,0.261050664571183
43012,17.59975234985696,17.599752349856963,18.18239710283151,0.5826447529745451
43013,16.06594336084125,16.06594336084125,16.509740354273116,0.4437969934318673
43014,13.146702374962317,13.146702374962318,13.611554607664287,0.4648522327019684
43015,20.74709678890865,20.74709678890865,21.03106424605374,0.2839674571450921
43016,12.012897678103082,12.012897678103084,12.336946770241232,0.32404909213814825
43017,12.671416668258514,12.671416668258514,13.074007673739684,0.4025910054811703
43018,17.507193902647575,17.507193902647575,17.66058023210241,0.1533863294548361
43019,19.030762552640414,19.030762552640414,19.34963456590073,0.31887201326031445
43020,14.60174861433193,14.60174861433193,14.948765240576417,0.34701662624448737
43021,12.204348206054954,12.204348206054954,12.505918000172592,0.30156979411763807
43022,12.014667609051223,12.01466760905122,12.537500649122197,0.522833040070978
43023,11.316083032590361,11.31608303259036,11.443249289796848,0.127166257206488
43024,11.214088041742192,11.214088041742192,11.41658833334902,0.20250029160682814
43025,11.133218034072367,11.13321803407237,11.325309266627999,0.19209123255562943
43026,12.573959846588162,12.57395984658816,12.856012459451067,0.2820526128629073
43027,12.367379720853044,12.367379720853044,13.108086313856292,0.7407065930032477
43028,15.477132032971378,15.477132032971376,15.828180720307651,0.3510486873362755
43029,15.206380543398275,15.206380543398271,15.741940224655616,0.5355596812573449
43030,16.755917248693546,16.75591724869355,17.40925703340844,0.6533397847148912
50009,11.188528839745082,11.188528839745082,11.448643076212884,0.2601142364678015
50010,9.214122778426864,9.214122778426862,9.214122778426864,1.7763568394002505e-15
50011,11.250847830457145,11.250847830457143,11.363284215530854,0.11243638507371045
50012,11.373905945922527,11.373905945922528,11.44190020860107,0.0679942626785408
50013,11.47892221630845,11.478922216308453,11.55142154798905,0.07249933168059641
50014,9.956788521177467,9.956788521177469,10.180040047709761,0.22325152653229274
50015,13.378655446754342,13.37865544675434,13.85805267573823,0.47939722898389014
50016,10.137468867256953,10.137468867256953,10.137468867256953,0.0
50017,13.651033384446668,13.651033384446668,13.689386556702518,0.038353172255849444
51001,11.265007117437527,11.265007117437529,11.398886607153655,0.13387948971612573
51002,6.4733176559006615,6.473317655900661,6.500664999026173,0.02734734312551268
51003,10.560377246775762,10.560377246775762,10.560377246775762,0.0
51004,6.0634210423288595,6.063421042328859,6.0634210423288595,8.881784197001252e-16
51005,8.350661621934442,8.350661621934442,8.436093716877705,0.08543209494326298
51006,9.133326038597552,9.133326038597552,9.560863209910424,0.4275371713128724
51007,5.877980622190056,5.877980622190056,5.952339943388451,0.07435932119839528
51008,10.395626513993953,10.395626513993951,10.73605229529159,0.3404257812976379
51009,9.844868807400227,9.844868807400228,9.844868807400227,1.7763568394002505e-15
51010,7.735166975808561,7.735166975808561,7.735166975808561,0.0
51011,9.876373626789576,9.876373626789576,10.020157869905725,0.14378424311614957
51012,7.909244675137565,7.909244675137564,7.909244675137565,8.881784197001252e-16
51013,9.835249141701608,9.835249141701608,9.86155168847318,0.0263025467715714
51014,7.489232897892072,7.489232897892071,7.489232897892072,8.881784197001252e-16
51015,11.133879188940139,11.13387918894014,11.133879188940139,1.7763568394002505e-15
51016,9.660127651340247,9.660127651340249,9.660127651340247,1.7763568394002505e-15
52001,8.48285983725354,8.48285983725354,8.637419861226476,0.15456002397293567
52002,8.920322189246209,8.920322189246209,9.066842240783963,0.14652005153775427
52003,10.260599517109608,10.260599517109608,10.634763255049506,0.37416373793989877
52004,7.970132542317971,7.970132542317971,8.107295178826076,0.1371626365081049
52005,9.27462822664837,9.274628226648373,9.457141899718652,0.18251367307027877
52006,6.414625561222235,6.414625561222236,6.414625561222235,8.881784197001252e-16
52007,6.297335663846498,6.297335663846498,6.297335663846498,0.0
52008,12.392429016737209,12.392429016737209,12.392429016737209,0.0
52009,11.856881025400158,11.856881025400156,12.381603499344221,0.524722473944065
52010,9.346482650820375,9.346482650820374,9.41884094846118,0.0723582976408057
52011,8.538612631474566,8.538612631474564,8.611746449511541,0.07313381803697716
52012,11.163411050130907,11.163411050130906,11.260325188955594,0.09691413882468858
52013,11.46370111861561,11.46370111861561,11.46370111861561,0.0
52014,12.865242648592323,12.865242648592323,13.235527539225165,0.370284890632842
52015,9.778365112676317,9.778365112676315,9.905487070931922,0.12712195825560713
52016,9.699165121346697,9.699165121346695,9.699165121346697,1.7763568394002505e-15
52017,11.121388652844029,11.12138865284403,11.228892077389686,0.10750342454565498
52018,7.755506136052879,7.755506136052879,7.755506136052879,0.0
53001,8.561460685928902,8.561460685928902,8.628010430581392,0.06654974465249097
