flow_version,health_region_code,total_admissions,within_region_share,outflow_share,cross_state_outflow_share,nonsuppressed_destinations,unit
MDB_HOSPITAL_FLOW_METHOD_1.0,11001,417,0.19664268585131894,0.80335731414868106,0.016786570743405275,2,AIHs/admissions; not unique patients
MDB_HOSPITAL_FLOW_METHOD_1.0,11002,389,0.53727506426735216,0.46272493573264784,0.030848329048843187,3,AIHs/admissions; not unique patients
MDB_HOSPITAL_FLOW_METHOD_1.0,11003,790,0.63670886075949362,0.36329113924050632,,2,AIHs/admissions; not unique patients
MDB_HOSPITAL_FLOW_METHOD_1.0,11004,2299,0.98434101783384076,0.015658982166159199,0.013049151805132666,2,AIHs/admissions; not unique patients
MDB_HOSPITAL_FLOW_METHOD_1.0,11005,438,0.54109589041095896,0.4589041095890411,,2,AIHs/admissions; not unique patients
MDB_HOSPITAL_FLOW_METHOD_1.0,11006,672,0.93601190476190477,0.063988095238095233,0,2,AIHs/admissions; not unique patients
MDB_HOSPITAL_FLOW_METHOD_1.0,11007,55,0.38181818181818183,0.61818181818181817,0,2,AIHs/admissions; not unique patients
MDB_HOSPITAL_FLOW_METHOD_1.0,12001,102,0.19607843137254902,0.80392156862745101,0,2,AIHs/admissions; not unique patients
MDB_HOSPITAL_FLOW_METHOD_1.0,12002,2939,0.99319496427356246,0.0068050357264375638,0.0051037767948281729,2,AIHs/admissions; not unique patients
MDB_HOSPITAL_FLOW_METHOD_1.0,12003,431,0.82366589327146167,0.17633410672853828,0,2,AIHs/admissions; not unique patients
MDB_HOSPITAL_FLOW_METHOD_1.0,13001,1364,0.97873900293255134,0.021260997067448679,0.017595307917888565,4,AIHs/admissions; not unique patients
MDB_HOSPITAL_FLOW_METHOD_1.0,13002,276,0.92391304347826086,0.076086956521739135,0,2,AIHs/admissions; not unique patients
MDB_HOSPITAL_FLOW_METHOD_1.0,13003,56,0.30357142857142855,0.6964285714285714,0.625,2,AIHs/admissions; not unique patients
MDB_HOSPITAL_FLOW_METHOD_1.0,13004,42,0.14285714285714285,0.8571428571428571,,2,AIHs/admissions; not unique patients
MDB_HOSPITAL_FLOW_METHOD_1.0,13005,426,0.98826291079812212,0.011737089201877934,0,1,AIHs/admissions; not unique patients
MDB_HOSPITAL_FLOW_METHOD_1.0,13006,51,,,0.82352941176470584,3,AIHs/admissions; not unique patients
MDB_HOSPITAL_FLOW_METHOD_1.0,13007,75,0.47999999999999998,0.52000000000000002,0.49333333333333335,3,AIHs/admissions; not unique patients
MDB_HOSPITAL_FLOW_METHOD_1.0,13008,21,,,0,1,AIHs/admissions; not unique patients
MDB_HOSPITAL_FLOW_METHOD_1.0,13009,18,,,,1,AIHs/admissions; not unique patients
MDB_HOSPITAL_FLOW_METHOD_1.0,14001,539,0.98330241187384049,0.016697588126159554,0.016697588126159554,1,AIHs/admissions; not unique patients
MDB_HOSPITAL_FLOW_METHOD_1.0,14002,38,0.26315789473684209,0.73684210526315785,,2,AIHs/admissions; not unique patients
MDB_HOSPITAL_FLOW_METHOD_1.0,15001,856,0.88317757009345799,0.11682242990654206,0.038551401869158876,6,AIHs/admissions; not unique patients
MDB_HOSPITAL_FLOW_METHOD_1.0,15002,189,0.52380952380952384,0.47619047619047616,0.079365079365079361,3,AIHs/admissions; not unique patients
MDB_HOSPITAL_FLOW_METHOD_1.0,15003,1610,0.96832298136645967,0.031677018633540374,0.0099378881987577643,3,AIHs/admissions; not unique patients
MDB_HOSPITAL_FLOW_METHOD_1.0,15004,98,0.051020408163265307,0.94897959183673475,0.061224489795918366,3,AIHs/admissions; not unique patients
MDB_HOSPITAL_FLOW_METHOD_1.0,15006,5641,0.99344087927672398,0.0065591207232760145,0.0047863853926608758,3,AIHs/admissions; not unique patients
MDB_HOSPITAL_FLOW_METHOD_1.0,15007,470,0.034042553191489362,0.96595744680851059,,2,AIHs/admissions; not unique patients
MDB_HOSPITAL_FLOW_METHOD_1.0,15008,1102,0.061705989110707807,0.93829401088929221,0.010889292196007259,3,AIHs/admissions; not unique patients
MDB_HOSPITAL_FLOW_METHOD_1.0,15009,1705,0.98533724340175954,0.01466275659824047,,2,AIHs/admissions; not unique patients
MDB_HOSPITAL_FLOW_METHOD_1.0,15010,60,0.84999999999999998,0.14999999999999999,0.11666666666666667,1,AIHs/admissions; not unique patients
MDB_HOSPITAL_FLOW_METHOD_1.0,15011,775,0.012903225806451613,0.98709677419354835,0.0077419354838709677,3,AIHs/admissions; not unique patients
MDB_HOSPITAL_FLOW_METHOD_1.0,15012,154,0.74025974025974028,0.25974025974025972,,2,AIHs/admissions; not unique patients
MDB_HOSPITAL_FLOW_METHOD_1.0,15013,69,,,,1,AIHs/admissions; not unique patients
MDB_HOSPITAL_FLOW_METHOD_1.0,15014,119,0.34453781512605042,0.65546218487394958,,2,AIHs/admissions; not unique patients
MDB_HOSPITAL_FLOW_METHOD_1.0,16001,198,0.96464646464646464,0.035353535353535352,0.035353535353535352,1,AIHs/admissions; not unique patients
MDB_HOSPITAL_FLOW_METHOD_1.0,16002,72,0.86111111111111116,0.1388888888888889,0,2,AIHs/admissions; not unique patients
MDB_HOSPITAL_FLOW_METHOD_1.0,16003,36,0,1,,1,AIHs/admissions; not unique patients
MDB_HOSPITAL_FLOW_METHOD_1.0,17001,716,0.9483240223463687,0.051675977653631286,0.030726256983240222,4,AIHs/admissions; not unique patients
MDB_HOSPITAL_FLOW_METHOD_1.0,17002,153,0.30718954248366015,0.69281045751633985,0.071895424836601302,3,AIHs/admissions; not unique patients
MDB_HOSPITAL_FLOW_METHOD_1.0,17003,89,0.056179775280898875,0.9438202247191011,0.12359550561797752,4,AIHs/admissions; not unique patients
MDB_HOSPITAL_FLOW_METHOD_1.0,17004,149,0.22818791946308725,0.77181208053691275,0.040268456375838924,4,AIHs/admissions; not unique patients
MDB_HOSPITAL_FLOW_METHOD_1.0,17005,457,0.92341356673960617,0.076586433260393869,0.030634573304157548,3,AIHs/admissions; not unique patients
MDB_HOSPITAL_FLOW_METHOD_1.0,17006,1184,0.97128378378378377,0.028716216216216218,0.01266891891891892,4,AIHs/admissions; not unique patients
MDB_HOSPITAL_FLOW_METHOD_1.0,17007,256,0.80859375,0.19140625,0.03515625,3,AIHs/admissions; not unique patients
MDB_HOSPITAL_FLOW_METHOD_1.0,17008,273,0.59706959706959706,0.40293040293040294,0.054945054945054944,3,AIHs/admissions; not unique patients
MDB_HOSPITAL_FLOW_METHOD_1.0,21001,298,0.093959731543624164,0.90604026845637586,,2,AIHs/admissions; not unique patients
MDB_HOSPITAL_FLOW_METHOD_1.0,21002,562,0.13701067615658363,0.86298932384341642,0.032028469750889681,3,AIHs/admissions; not unique patients
MDB_HOSPITAL_FLOW_METHOD_1.0,21003,145,0.1310344827586207,0.86896551724137927,,2,AIHs/admissions; not unique patients
MDB_HOSPITAL_FLOW_METHOD_1.0,21004,252,0.1388888888888889,0.86111111111111116,0.01984126984126984,2,AIHs/admissions; not unique patients
MDB_HOSPITAL_FLOW_METHOD_1.0,21005,271,0.036900369003690037,0.96309963099630991,0.13653136531365315,3,AIHs/admissions; not unique patients
MDB_HOSPITAL_FLOW_METHOD_1.0,21006,498,0.020080321285140562,0.97991967871485941,0.056224899598393573,4,AIHs/admissions; not unique patients
MDB_HOSPITAL_FLOW_METHOD_1.0,21007,818,0.39242053789731052,0.60757946210268954,0.019559902200488997,3,AIHs/admissions; not unique patients
MDB_HOSPITAL_FLOW_METHOD_1.0,21008,328,0.62804878048780488,0.37195121951219512,0.03048780487804878,3,AIHs/admissions; not unique patients
MDB_HOSPITAL_FLOW_METHOD_1.0,21009,915,0.016393442622950821,0.98360655737704916,,2,AIHs/admissions; not unique patients
MDB_HOSPITAL_FLOW_METHOD_1.0,21010,459,0.13289760348583879,0.86710239651416121,0.015250544662309368,2,AIHs/admissions; not unique patients
MDB_HOSPITAL_FLOW_METHOD_1.0,21011,708,0.093220338983050849,0.90677966101694918,,2,AIHs/admissions; not unique patients
MDB_HOSPITAL_FLOW_METHOD_1.0,21012,584,0.1386986301369863,0.86130136986301364,,2,AIHs/admissions; not unique patients
MDB_HOSPITAL_FLOW_METHOD_1.0,21013,761,0.010512483574244415,0.98948751642575561,,2,AIHs/admissions; not unique patients
MDB_HOSPITAL_FLOW_METHOD_1.0,21014,1005,0.17910447761194029,0.82089552238805974,,2,AIHs/admissions; not unique patients
MDB_HOSPITAL_FLOW_METHOD_1.0,21015,321,0.040498442367601244,0.95950155763239875,0.09657320872274143,3,AIHs/admissions; not unique patients
MDB_HOSPITAL_FLOW_METHOD_1.0,21016,14361,0.99818954111830649,0.0018104588816934754,0.0017408258477821879,2,AIHs/admissions; not unique patients
MDB_HOSPITAL_FLOW_METHOD_1.0,21017,486,,,0.83950617283950613,2,AIHs/admissions; not unique patients
MDB_HOSPITAL_FLOW_METHOD_1.0,21018,520,0.090384615384615383,0.9096153846153846,,2,AIHs/admissions; not unique patients
MDB_HOSPITAL_FLOW_METHOD_1.0,21019,742,0.080862533692722366,0.91913746630727766,0.0067385444743935314,2,AIHs/admissions; not unique patients
MDB_HOSPITAL_FLOW_METHOD_1.0,22001,222,0,1,,1,AIHs/admissions; not unique patients
MDB_HOSPITAL_FLOW_METHOD_1.0,22002,61,0,1,,1,AIHs/admissions; not unique patients
MDB_HOSPITAL_FLOW_METHOD_1.0,22003,416,0.057692307692307696,0.94230769230769229,,3,AIHs/admissions; not unique patients
MDB_HOSPITAL_FLOW_METHOD_1.0,22004,3769,0.99469355266648973,0.0053064473335102148,0.0053064473335102148,2,AIHs/admissions; not unique patients
MDB_HOSPITAL_FLOW_METHOD_1.0,22005,2359,0.89953370072064431,0.10046629927935566,0.0038151759220008477,3,AIHs/admissions; not unique patients
MDB_HOSPITAL_FLOW_METHOD_1.0,22006,137,0.25547445255474455,0.74452554744525545,0.058394160583941604,4,AIHs/admissions; not unique patients
MDB_HOSPITAL_FLOW_METHOD_1.0,22007,77,0,1,0,1,AIHs/admissions; not unique patients
MDB_HOSPITAL_FLOW_METHOD_1.0,22008,181,0.027624309392265192,0.97237569060773477,0.19889502762430938,3,AIHs/admissions; not unique patients
MDB_HOSPITAL_FLOW_METHOD_1.0,22009,352,,,,1,AIHs/admissions; not unique patients
MDB_HOSPITAL_FLOW_METHOD_1.0,22010,139,0,1,0,1,AIHs/admissions; not unique patients
MDB_HOSPITAL_FLOW_METHOD_1.0,22011,258,,,,1,AIHs/admissions; not unique patients
MDB_HOSPITAL_FLOW_METHOD_1.0,22012,234,0.5641025641025641,0.4358974358974359,,2,AIHs/admissions; not unique patients
MDB_HOSPITAL_FLOW_METHOD_1.0,23001,23813,0.99521269894595388,0.0047873010540461095,0.0038214420694578592,9,AIHs/admissions; not unique patients
MDB_HOSPITAL_FLOW_METHOD_1.0,23011,3577,0.78557450377411242,0.21442549622588761,0.0033547665641599105,4,AIHs/admissions; not unique patients
MDB_HOSPITAL_FLOW_METHOD_1.0,23023,3043,0.67071968452185349,0.32928031547814657,0.0085441998028261586,4,AIHs/admissions; not unique patients
MDB_HOSPITAL_FLOW_METHOD_1.0,23024,2496,0.58573717948717952,0.41426282051282054,0.005608974358974359,4,AIHs/admissions; not unique patients
MDB_HOSPITAL_FLOW_METHOD_1.0,23025,1579,0.39835338822039268,0.60164661177960732,,3,AIHs/admissions; not unique patients
MDB_HOSPITAL_FLOW_METHOD_1.0,24001,1264,0.020569620253164556,0.97943037974683544,,2,AIHs/admissions; not unique patients
MDB_HOSPITAL_FLOW_METHOD_1.0,24002,1601,0.97439100562148662,0.025608994378513428,0.004996876951905059,2,AIHs/admissions; not unique patients
MDB_HOSPITAL_FLOW_METHOD_1.0,24003,1203,0.1230257689110557,0.87697423108894434,0,2,AIHs/admissions; not unique patients
MDB_HOSPITAL_FLOW_METHOD_1.0,24004,544,0.375,0.625,,2,AIHs/admissions; not unique patients
MDB_HOSPITAL_FLOW_METHOD_1.0,24005,486,0.01646090534979424,0.98353909465020573,0.037037037037037035,4,AIHs/admissions; not unique patients
MDB_HOSPITAL_FLOW_METHOD_1.0,24006,424,0.08254716981132075,0.91745283018867929,0.028301886792452831,4,AIHs/admissions; not unique patients
MDB_HOSPITAL_FLOW_METHOD_1.0,24007,6289,0.9974558753378916,0.0025441246621084432,0.0023851168707266657,1,AIHs/admissions; not unique patients
MDB_HOSPITAL_FLOW_METHOD_1.0,24008,193,0.025906735751295335,0.97409326424870468,0,3,AIHs/admissions; not unique patients
MDB_HOSPITAL_FLOW_METHOD_1.0,25001,3256,0.98617936117936122,0.01382063882063882,0.0092137592137592136,3,AIHs/admissions; not unique patients
MDB_HOSPITAL_FLOW_METHOD_1.0,25002,731,,,0.01094391244870041,2,AIHs/admissions; not unique patients
MDB_HOSPITAL_FLOW_METHOD_1.0,25003,1211,0,1,,2,AIHs/admissions; not unique patients
MDB_HOSPITAL_FLOW_METHOD_1.0,25004,358,,,,2,AIHs/admissions; not unique patients
MDB_HOSPITAL_FLOW_METHOD_1.0,25005,333,0.051051051051051052,0.94894894894894899,,3,AIHs/admissions; not unique patients
MDB_HOSPITAL_FLOW_METHOD_1.0,25006,561,,,0.016042780748663103,4,AIHs/admissions; not unique patients
MDB_HOSPITAL_FLOW_METHOD_1.0,25007,372,0.57258064516129037,0.42741935483870969,,3,AIHs/admissions; not unique patients
MDB_HOSPITAL_FLOW_METHOD_1.0,25008,133,,,0,3,AIHs/admissions; not unique patients
MDB_HOSPITAL_FLOW_METHOD_1.0,25009,142,0.14788732394366197,0.852112676056338,,4,AIHs/admissions; not unique patients
MDB_HOSPITAL_FLOW_METHOD_1.0,25010,136,0.7279411764705882,0.27205882352941174,0.058823529411764705,2,AIHs/admissions; not unique patients
MDB_HOSPITAL_FLOW_METHOD_1.0,25011,160,0.11874999999999999,0.88124999999999998,,4,AIHs/admissions; not unique patients
MDB_HOSPITAL_FLOW_METHOD_1.0,25012,559,0.026833631484794274,0.97316636851520577,,3,AIHs/admissions; not unique patients
MDB_HOSPITAL_FLOW_METHOD_1.0,25013,85,,,0,3,AIHs/admissions; not unique patients
MDB_HOSPITAL_FLOW_METHOD_1.0,25014,445,0.056179775280898875,0.9438202247191011,,2,AIHs/admissions; not unique patients
MDB_HOSPITAL_FLOW_METHOD_1.0,25015,729,0,1,,2,AIHs/admissions; not unique patients
MDB_HOSPITAL_FLOW_METHOD_1.0,25016,4612,0.97810060711188207,0.021899392888117954,0.0021682567215958368,2,AIHs/admissions; not unique patients
MDB_HOSPITAL_FLOW_METHOD_1.0,26001,730,0.38904109589041097,0.61095890410958908,0.020547945205479451,4,AIHs/admissions; not unique patients
MDB_HOSPITAL_FLOW_METHOD_1.0,26002,1086,0.59208103130755063,0.40791896869244937,0.0046040515653775326,3,AIHs/admissions; not unique patients
MDB_HOSPITAL_FLOW_METHOD_1.0,26003,896,0.17075892857142858,0.8292410714285714,0.027901785714285716,4,AIHs/admissions; not unique patients
MDB_HOSPITAL_FLOW_METHOD_1.0,26004,384,0.35416666666666669,0.64583333333333337,,4,AIHs/admissions; not unique patients
MDB_HOSPITAL_FLOW_METHOD_1.0,26005,493,0.36511156186612576,0.63488843813387419,0.018255578093306288,3,AIHs/admissions; not unique patients
MDB_HOSPITAL_FLOW_METHOD_1.0,26006,668,0.020958083832335328,0.97904191616766467,0.010479041916167664,2,AIHs/admissions; not unique patients
MDB_HOSPITAL_FLOW_METHOD_1.0,26007,1044,0.53927203065134099,0.46072796934865901,0.1503831417624521,5,AIHs/admissions; not unique patients
MDB_HOSPITAL_FLOW_METHOD_1.0,26008,605,0.019834710743801654,0.98016528925619839,0.018181818181818181,3,AIHs/admissions; not unique patients
MDB_HOSPITAL_FLOW_METHOD_1.0,26009,893,0.15005599104143338,0.84994400895856659,0.70436730123180291,6,AIHs/admissions; not unique patients
MDB_HOSPITAL_FLOW_METHOD_1.0,26010,9534,0.99202852947346343,0.0079714705265366056,0.0065030417453324938,6,AIHs/admissions; not unique patients
MDB_HOSPITAL_FLOW_METHOD_1.0,26011,878,0.57972665148063784,0.42027334851936221,0.026195899772209569,3,AIHs/admissions; not unique patients
MDB_HOSPITAL_FLOW_METHOD_1.0,26012,1718,0.96100116414435388,0.038998835855646098,,3,AIHs/admissions; not unique patients
MDB_HOSPITAL_FLOW_METHOD_1.0,27001,10005,0.99810094952523742,0.0018990504747626188,0.00099950024987506244,2,AIHs/admissions; not unique patients
MDB_HOSPITAL_FLOW_METHOD_1.0,27002,506,0.01383399209486166,0.98616600790513831,,2,AIHs/admissions; not unique patients
MDB_HOSPITAL_FLOW_METHOD_1.0,27003,940,0.22234042553191488,0.77765957446808509,,2,AIHs/admissions; not unique patients
MDB_HOSPITAL_FLOW_METHOD_1.0,27004,665,0.33082706766917291,0.66917293233082709,,2,AIHs/admissions; not unique patients
MDB_HOSPITAL_FLOW_METHOD_1.0,27005,1368,0.56725146198830412,0.43274853801169588,,3,AIHs/admissions; not unique patients
MDB_HOSPITAL_FLOW_METHOD_1.0,27006,569,0.045694200351493852,0.95430579964850615,0.0087873462214411256,3,AIHs/admissions; not unique patients
MDB_HOSPITAL_FLOW_METHOD_1.0,27007,2227,0.88100583744948358,0.11899416255051638,0.0035922766052986078,2,AIHs/admissions; not unique patients
MDB_HOSPITAL_FLOW_METHOD_1.0,27008,758,,,0.011873350923482849,3,AIHs/admissions; not unique patients
MDB_HOSPITAL_FLOW_METHOD_1.0,27009,488,0.012295081967213115,0.98770491803278693,,3,AIHs/admissions; not unique patients
MDB_HOSPITAL_FLOW_METHOD_1.0,27010,222,,,0.036036036036036036,2,AIHs/admissions; not unique patients
MDB_HOSPITAL_FLOW_METHOD_1.0,28001,1871,0.9887760555852485,0.011223944414751471,0.0069481560662747197,2,AIHs/admissions; not unique patients
MDB_HOSPITAL_FLOW_METHOD_1.0,28002,484,0.057851239669421489,0.94214876033057848,0.012396694214876033,3,AIHs/admissions; not unique patients
MDB_HOSPITAL_FLOW_METHOD_1.0,28003,307,0.11074918566775244,0.88925081433224751,,2,AIHs/admissions; not unique patients
MDB_HOSPITAL_FLOW_METHOD_1.0,28004,442,0.027149321266968326,0.97285067873303166,,3,AIHs/admissions; not unique patients
MDB_HOSPITAL_FLOW_METHOD_1.0,28005,269,,,,1,AIHs/admissions; not unique patients
MDB_HOSPITAL_FLOW_METHOD_1.0,28006,852,0.0070422535211267607,0.99295774647887325,,2,AIHs/admissions; not unique patients
MDB_HOSPITAL_FLOW_METHOD_1.0,28007,328,,,,1,AIHs/admissions; not unique patients
MDB_HOSPITAL_FLOW_METHOD_1.0,29001,320,0.19062499999999999,0.80937499999999996,0.09375,4,AIHs/admissions; not unique patients
MDB_HOSPITAL_FLOW_METHOD_1.0,29002,275,0.82181818181818178,0.17818181818181819,0.090909090909090912,5,AIHs/admissions; not unique patients
MDB_HOSPITAL_FLOW_METHOD_1.0,29003,179,0.46368715083798884,0.53631284916201116,0.033519553072625698,3,AIHs/admissions; not unique patients
MDB_HOSPITAL_FLOW_METHOD_1.0,29004,696,0.13793103448275862,0.86206896551724133,0.012931034482758621,4,AIHs/admissions; not unique patients
MDB_HOSPITAL_FLOW_METHOD_1.0,29005,153,,,,3,AIHs/admissions; not unique patients
MDB_HOSPITAL_FLOW_METHOD_1.0,29006,1811,0.93208172280508006,0.06791827719491994,0.0099392600773053567,5,AIHs/admissions; not unique patients
MDB_HOSPITAL_FLOW_METHOD_1.0,29007,149,0.26174496644295303,0.73825503355704702,,4,AIHs/admissions; not unique patients
MDB_HOSPITAL_FLOW_METHOD_1.0,29008,39,0.35897435897435898,0.64102564102564108,,3,AIHs/admissions; not unique patients
MDB_HOSPITAL_FLOW_METHOD_1.0,29009,453,0.83443708609271527,0.16556291390728478,,5,AIHs/admissions; not unique patients
MDB_HOSPITAL_FLOW_METHOD_1.0,29010,100,0.080000000000000002,0.92000000000000004,,3,AIHs/admissions; not unique patients
MDB_HOSPITAL_FLOW_METHOD_1.0,29011,1289,0.92707525213343678,0.072924747866563222,,3,AIHs/admissions; not unique patients
MDB_HOSPITAL_FLOW_METHOD_1.0,29012,162,0.5679012345679012,0.43209876543209874,0.049382716049382713,6,AIHs/admissions; not unique patients
MDB_HOSPITAL_FLOW_METHOD_1.0,29013,95,0.21052631578947367,0.78947368421052633,,4,AIHs/admissions; not unique patients
MDB_HOSPITAL_FLOW_METHOD_1.0,29014,297,0.55892255892255893,0.44107744107744107,,4,AIHs/admissions; not unique patients
MDB_HOSPITAL_FLOW_METHOD_1.0,29015,696,0.92241379310344829,0.077586206896551727,0.010057471264367816,4,AIHs/admissions; not unique patients
MDB_HOSPITAL_FLOW_METHOD_1.0,29016,1715,0.97784256559766769,0.022157434402332362,0.014577259475218658,5,AIHs/admissions; not unique patients
MDB_HOSPITAL_FLOW_METHOD_1.0,29017,610,0.26393442622950819,0.73606557377049175,0.016393442622950821,4,AIHs/admissions; not unique patients
MDB_HOSPITAL_FLOW_METHOD_1.0,29018,84,0.61904761904761907,0.38095238095238093,0.14285714285714285,3,AIHs/admissions; not unique patients
MDB_HOSPITAL_FLOW_METHOD_1.0,29019,124,0.19354838709677419,0.80645161290322576,0.12096774193548387,4,AIHs/admissions; not unique patients
MDB_HOSPITAL_FLOW_METHOD_1.0,29020,8185,0.97910812461820407,0.020891875381795967,0.0085522296884544893,6,AIHs/admissions; not unique patients
MDB_HOSPITAL_FLOW_METHOD_1.0,29021,139,0.76978417266187049,0.23021582733812951,,4,AIHs/admissions; not unique patients
MDB_HOSPITAL_FLOW_METHOD_1.0,29022,868,0.84792626728110598,0.15207373271889402,,3,AIHs/admissions; not unique patients
MDB_HOSPITAL_FLOW_METHOD_1.0,29023,170,0.73529411764705888,0.26470588235294118,0,4,AIHs/admissions; not unique patients
MDB_HOSPITAL_FLOW_METHOD_1.0,29024,582,,,0.017182130584192441,5,AIHs/admissions; not unique patients
MDB_HOSPITAL_FLOW_METHOD_1.0,29025,452,0.60176991150442483,0.39823008849557523,0.017699115044247787,5,AIHs/admissions; not unique patients
MDB_HOSPITAL_FLOW_METHOD_1.0,29026,78,0.29487179487179488,0.70512820512820518,0.11538461538461539,4,AIHs/admissions; not unique patients
MDB_HOSPITAL_FLOW_METHOD_1.0,29027,173,0.14450867052023122,0.8554913294797688,,4,AIHs/admissions; not unique patients
MDB_HOSPITAL_FLOW_METHOD_1.0,29028,1023,0.9540566959921799,0.045943304007820138,0.015640273704789834,4,AIHs/admissions; not unique patients
MDB_HOSPITAL_FLOW_METHOD_1.0,31001,667,0.54872563718140932,0.45127436281859068,0.010494752623688156,3,AIHs/admissions; not unique patients
MDB_HOSPITAL_FLOW_METHOD_1.0,31002,396,0.14141414141414141,0.85858585858585856,0.042929292929292928,5,AIHs/admissions; not unique patients
MDB_HOSPITAL_FLOW_METHOD_1.0,31003,282,0.69503546099290781,0.30496453900709219,0.028368794326241134,2,AIHs/admissions; not unique patients
MDB_HOSPITAL_FLOW_METHOD_1.0,31004,154,0.12987012987012986,0.87012987012987009,,3,AIHs/admissions; not unique patients
MDB_HOSPITAL_FLOW_METHOD_1.0,31006,337,0.60534124629080122,0.39465875370919884,0.017804154302670624,3,AIHs/admissions; not unique patients
MDB_HOSPITAL_FLOW_METHOD_1.0,31007,1667,0.79304139172165566,0.20695860827834434,0.014997000599880024,4,AIHs/admissions; not unique patients
MDB_HOSPITAL_FLOW_METHOD_1.0,31008,880,0.54090909090909089,0.45909090909090911,0.025000000000000001,6,AIHs/admissions; not unique patients
MDB_HOSPITAL_FLOW_METHOD_1.0,31009,351,0.97150997150997154,0.028490028490028491,0.017094017094017096,1,AIHs/admissions; not unique patients
MDB_HOSPITAL_FLOW_METHOD_1.0,31010,74,,,0.10810810810810811,1,AIHs/admissions; not unique patients
MDB_HOSPITAL_FLOW_METHOD_1.0,31011,426,0.93896713615023475,0.061032863849765258,,3,AIHs/admissions; not unique patients
MDB_HOSPITAL_FLOW_METHOD_1.0,31012,337,0.16023738872403562,0.83976261127596441,,5,AIHs/admissions; not unique patients
MDB_HOSPITAL_FLOW_METHOD_1.0,31013,2067,0.98113207547169812,0.018867924528301886,,2,AIHs/admissions; not unique patients
MDB_HOSPITAL_FLOW_METHOD_1.0,31015,540,0.29814814814814816,0.70185185185185184,0,4,AIHs/admissions; not unique patients
MDB_HOSPITAL_FLOW_METHOD_1.0,31016,3039,0.93649226719315559,0.063507732806844353,0.018427114182296808,10,AIHs/admissions; not unique patients
MDB_HOSPITAL_FLOW_METHOD_1.0,31017,618,0.41262135922330095,0.58737864077669899,0.035598705501618123,3,AIHs/admissions; not unique patients
MDB_HOSPITAL_FLOW_METHOD_1.0,31018,567,0.52557319223985888,0.47442680776014107,0.017636684303350969,3,AIHs/admissions; not unique patients
MDB_HOSPITAL_FLOW_METHOD_1.0,31019,310,0.85161290322580641,0.14838709677419354,,2,AIHs/admissions; not unique patients
MDB_HOSPITAL_FLOW_METHOD_1.0,31020,153,0.75816993464052285,0.24183006535947713,0,2,AIHs/admissions; not unique patients
MDB_HOSPITAL_FLOW_METHOD_1.0,31021,962,0.89708939708939706,0.10291060291060292,0,2,AIHs/admissions; not unique patients
MDB_HOSPITAL_FLOW_METHOD_1.0,31022,383,0.91122715404699739,0.08877284595300261,,2,AIHs/admissions; not unique patients
MDB_HOSPITAL_FLOW_METHOD_1.0,31023,220,0.59545454545454546,0.40454545454545454,,3,AIHs/admissions; not unique patients
MDB_HOSPITAL_FLOW_METHOD_1.0,31024,1407,0.90831556503198296,0.091684434968017064,0,2,AIHs/admissions; not unique patients
MDB_HOSPITAL_FLOW_METHOD_1.0,31025,709,0.51480959097320167,0.48519040902679833,,2,AIHs/admissions; not unique patients
MDB_HOSPITAL_FLOW_METHOD_1.0,31026,680,0.88235294117647056,0.11764705882352941,0,2,AIHs/admissions; not unique patients
MDB_HOSPITAL_FLOW_METHOD_1.0,31027,1192,0.9563758389261745,0.043624161073825503,0,4,AIHs/admissions; not unique patients
MDB_HOSPITAL_FLOW_METHOD_1.0,31028,568,0.93133802816901412,0.068661971830985921,0,4,AIHs/admissions; not unique patients
MDB_HOSPITAL_FLOW_METHOD_1.0,31030,242,0.73966942148760328,0.26033057851239672,0.024793388429752067,7,AIHs/admissions; not unique patients
MDB_HOSPITAL_FLOW_METHOD_1.0,31031,83,0.20481927710843373,0.79518072289156627,0,5,AIHs/admissions; not unique patients
MDB_HOSPITAL_FLOW_METHOD_1.0,31032,262,0.31679389312977096,0.68320610687022898,,7,AIHs/admissions; not unique patients
MDB_HOSPITAL_FLOW_METHOD_1.0,31034,938,0.95842217484008529,0.041577825159914712,0,3,AIHs/admissions; not unique patients
MDB_HOSPITAL_FLOW_METHOD_1.0,31035,349,0.63037249283667618,0.36962750716332377,,5,AIHs/admissions; not unique patients
MDB_HOSPITAL_FLOW_METHOD_1.0,31036,902,0.93902439024390238,0.06097560975609756,,4,AIHs/admissions; not unique patients
MDB_HOSPITAL_FLOW_METHOD_1.0,31037,2322,0.9732988802756245,0.026701119724375538,0.0030146425495262705,4,AIHs/admissions; not unique patients
MDB_HOSPITAL_FLOW_METHOD_1.0,31038,96,0.83333333333333337,0.16666666666666666,,3,AIHs/admissions; not unique patients
MDB_HOSPITAL_FLOW_METHOD_1.0,31040,461,0.91973969631236441,0.080260303687635579,0.010845986984815618,2,AIHs/admissions; not unique patients
MDB_HOSPITAL_FLOW_METHOD_1.0,31041,187,0.78609625668449201,0.21390374331550802,0.20855614973262032,2,AIHs/admissions; not unique patients
MDB_HOSPITAL_FLOW_METHOD_1.0,31042,819,0.98168498168498164,0.018315018315018316,,2,AIHs/admissions; not unique patients
MDB_HOSPITAL_FLOW_METHOD_1.0,31044,655,0.95114503816793894,0.048854961832061068,0.016793893129770993,3,AIHs/admissions; not unique patients
MDB_HOSPITAL_FLOW_METHOD_1.0,31045,1420,,,,1,AIHs/admissions; not unique patients
MDB_HOSPITAL_FLOW_METHOD_1.0,31046,13,0,1,0,1,AIHs/admissions; not unique patients
MDB_HOSPITAL_FLOW_METHOD_1.0,31047,75,0.10666666666666667,0.89333333333333331,0.47999999999999998,3,AIHs/admissions; not unique patients
MDB_HOSPITAL_FLOW_METHOD_1.0,31048,1070,0.97570093457943929,0.024299065420560748,,3,AIHs/admissions; not unique patients
MDB_HOSPITAL_FLOW_METHOD_1.0,31050,203,0.93596059113300489,0.064039408866995079,,2,AIHs/admissions; not unique patients
MDB_HOSPITAL_FLOW_METHOD_1.0,31051,400,0.86750000000000005,0.13250000000000001,0,3,AIHs/admissions; not unique patients
MDB_HOSPITAL_FLOW_METHOD_1.0,31052,893,0.9664053751399776,0.033594624860022397,,3,AIHs/admissions; not unique patients
MDB_HOSPITAL_FLOW_METHOD_1.0,31053,24,0.375,0.625,0,2,AIHs/admissions; not unique patients
MDB_HOSPITAL_FLOW_METHOD_1.0,31055,120,0.80000000000000004,0.20000000000000001,0,2,AIHs/admissions; not unique patients
MDB_HOSPITAL_FLOW_METHOD_1.0,31057,271,0.44280442804428044,0.55719557195571956,0.018450184501845018,3,AIHs/admissions; not unique patients
MDB_HOSPITAL_FLOW_METHOD_1.0,31058,296,0.54391891891891897,0.45608108108108109,0.0945945945945946,5,AIHs/admissions; not unique patients
MDB_HOSPITAL_FLOW_METHOD_1.0,31059,604,0.78476821192052981,0.21523178807947019,0.0099337748344370865,4,AIHs/admissions; not unique patients
MDB_HOSPITAL_FLOW_METHOD_1.0,31060,150,0.54000000000000004,0.46000000000000002,,3,AIHs/admissions; not unique patients
MDB_HOSPITAL_FLOW_METHOD_1.0,31061,551,0.95825771324863884,0.041742286751361164,0.010889292196007259,2,AIHs/admissions; not unique patients
MDB_HOSPITAL_FLOW_METHOD_1.0,31062,102,0.89215686274509809,0.10784313725490197,0,2,AIHs/admissions; not unique patients
MDB_HOSPITAL_FLOW_METHOD_1.0,31064,326,0.91104294478527603,0.088957055214723926,0,3,AIHs/admissions; not unique patients
MDB_HOSPITAL_FLOW_METHOD_1.0,31065,90,0.85555555555555551,0.14444444444444443,0,2,AIHs/admissions; not unique patients
MDB_HOSPITAL_FLOW_METHOD_1.0,31066,155,0.80000000000000004,0.20000000000000001,,2,AIHs/admissions; not unique patients
MDB_HOSPITAL_FLOW_METHOD_1.0,31067,90,0.91111111111111109,0.088888888888888892,0,2,AIHs/admissions; not unique patients
MDB_HOSPITAL_FLOW_METHOD_1.0,31068,80,0.84999999999999998,0.14999999999999999,,2,AIHs/admissions; not unique patients
MDB_HOSPITAL_FLOW_METHOD_1.0,31070,389,0.57326478149100257,0.42673521850899743,0.012853470437017995,2,AIHs/admissions; not unique patients
MDB_HOSPITAL_FLOW_METHOD_1.0,31071,279,0.24014336917562723,0.75985663082437271,0.028673835125448029,2,AIHs/admissions; not unique patients
MDB_HOSPITAL_FLOW_METHOD_1.0,31072,2503,0.98641630043947259,0.013583699560527367,0.0099880143827407106,3,AIHs/admissions; not unique patients
MDB_HOSPITAL_FLOW_METHOD_1.0,31073,1185,0.98818565400843883,0.011814345991561181,0.0050632911392405064,2,AIHs/admissions; not unique patients
MDB_HOSPITAL_FLOW_METHOD_1.0,31074,672,0.9642857142857143,0.035714285714285712,0,3,AIHs/admissions; not unique patients
MDB_HOSPITAL_FLOW_METHOD_1.0,31075,3063,0.96114920013059091,0.038850799869409078,0.0088148873653281102,7,AIHs/admissions; not unique patients
MDB_HOSPITAL_FLOW_METHOD_1.0,31076,260,0.93846153846153846,0.061538461538461542,0,2,AIHs/admissions; not unique patients
MDB_HOSPITAL_FLOW_METHOD_1.0,31077,25,0,1,,1,AIHs/admissions; not unique patients
MDB_HOSPITAL_FLOW_METHOD_1.0,31078,359,0.66852367688022285,0.33147632311977715,0,3,AIHs/admissions; not unique patients
MDB_HOSPITAL_FLOW_METHOD_1.0,31079,127,0.14960629921259844,0.85039370078740162,,3,AIHs/admissions; not unique patients
MDB_HOSPITAL_FLOW_METHOD_1.0,31082,168,0.60119047619047616,0.39880952380952384,0,4,AIHs/admissions; not unique patients
MDB_HOSPITAL_FLOW_METHOD_1.0,31083,278,0.91366906474820142,0.086330935251798566,0,3,AIHs/admissions; not unique patients
MDB_HOSPITAL_FLOW_METHOD_1.0,31084,3122,0.98526585522101218,0.014734144778987828,0.002242152466367713,2,AIHs/admissions; not unique patients
MDB_HOSPITAL_FLOW_METHOD_1.0,31085,335,0.94925373134328361,0.050746268656716415,0,2,AIHs/admissions; not unique patients
MDB_HOSPITAL_FLOW_METHOD_1.0,31086,540,0.82962962962962961,0.17037037037037037,,5,AIHs/admissions; not unique patients
MDB_HOSPITAL_FLOW_METHOD_1.0,31087,93,0.064516129032258063,0.93548387096774188,,5,AIHs/admissions; not unique patients
MDB_HOSPITAL_FLOW_METHOD_1.0,31088,154,0.56493506493506496,0.43506493506493504,0.090909090909090912,7,AIHs/admissions; not unique patients
MDB_HOSPITAL_FLOW_METHOD_1.0,31089,167,0.81437125748502992,0.18562874251497005,,4,AIHs/admissions; not unique patients
MDB_HOSPITAL_FLOW_METHOD_1.0,31090,58,0.20689655172413793,0.7931034482758621,,3,AIHs/admissions; not unique patients
MDB_HOSPITAL_FLOW_METHOD_1.0,31091,270,0.48888888888888887,0.51111111111111107,,2,AIHs/admissions; not unique patients
MDB_HOSPITAL_FLOW_METHOD_1.0,31092,486,0.17695473251028807,0.82304526748971196,0.010288065843621399,3,AIHs/admissions; not unique patients
MDB_HOSPITAL_FLOW_METHOD_1.0,31093,195,0.78974358974358971,0.21025641025641026,0,2,AIHs/admissions; not unique patients
MDB_HOSPITAL_FLOW_METHOD_1.0,31094,351,0.84615384615384615,0.15384615384615385,0.017094017094017096,2,AIHs/admissions; not unique patients
MDB_HOSPITAL_FLOW_METHOD_1.0,31095,190,0.74210526315789471,0.25789473684210529,0,3,AIHs/admissions; not unique patients
MDB_HOSPITAL_FLOW_METHOD_1.0,31096,91,0.86813186813186816,0.13186813186813187,0,3,AIHs/admissions; not unique patients
MDB_HOSPITAL_FLOW_METHOD_1.0,31097,2615,0.95755258126195031,0.042447418738049712,0.033652007648183553,7,AIHs/admissions; not unique patients
MDB_HOSPITAL_FLOW_METHOD_1.0,31098,444,0.98873873873873874,0.011261261261261261,0,2,AIHs/admissions; not unique patients
MDB_HOSPITAL_FLOW_METHOD_1.0,31099,703,0.9388335704125178,0.061166429587482217,,3,AIHs/admissions; not unique patients
MDB_HOSPITAL_FLOW_METHOD_1.0,31100,188,0.93085106382978722,0.069148936170212769,,2,AIHs/admissions; not unique patients
MDB_HOSPITAL_FLOW_METHOD_1.0,31101,255,0.89411764705882357,0.10588235294117647,0,2,AIHs/admissions; not unique patients
MDB_HOSPITAL_FLOW_METHOD_1.0,31102,69,0.47826086956521741,0.52173913043478259,0,3,AIHs/admissions; not unique patients
MDB_HOSPITAL_FLOW_METHOD_1.0,32001,838,0.56682577565632464,0.43317422434367542,0.031026252983293555,6,AIHs/admissions; not unique patients
MDB_HOSPITAL_FLOW_METHOD_1.0,32002,3716,0.91792249730893438,0.08207750269106566,0.020990312163616791,6,AIHs/admissions; not unique patients
MDB_HOSPITAL_FLOW_METHOD_1.0,32003,1044,0.75862068965517238,0.2413793103448276,,4,AIHs/admissions; not unique patients
MDB_HOSPITAL_FLOW_METHOD_1.0,32004,2324,0.91652323580034423,0.083476764199655759,0.013339070567986231,6,AIHs/admissions; not unique patients
MDB_HOSPITAL_FLOW_METHOD_1.0,33001,900,0.97888888888888892,0.021111111111111112,,2,AIHs/admissions; not unique patients
MDB_HOSPITAL_FLOW_METHOD_1.0,33002,1643,0.93548387096774188,0.064516129032258063,0.0073037127206329886,4,AIHs/admissions; not unique patients
MDB_HOSPITAL_FLOW_METHOD_1.0,33003,886,0.9424379232505643,0.057562076749435663,,3,AIHs/admissions; not unique patients
MDB_HOSPITAL_FLOW_METHOD_1.0,33004,3193,0.98026933917945502,0.019730660820544942,0.007829627309740057,6,AIHs/admissions; not unique patients
MDB_HOSPITAL_FLOW_METHOD_1.0,33005,21941,0.96663780137641853,0.033362198623581425,0.0047855612779727453,16,AIHs/admissions; not unique patients
MDB_HOSPITAL_FLOW_METHOD_1.0,33006,10449,0.97090630682361945,0.029093693176380515,,4,AIHs/admissions; not unique patients
MDB_HOSPITAL_FLOW_METHOD_1.0,33007,2142,0.98599439775910369,0.014005602240896359,0.0037348272642390291,3,AIHs/admissions; not unique patients
MDB_HOSPITAL_FLOW_METHOD_1.0,33008,1493,0.94842598794373745,0.05157401205626256,0.0066979236436704621,4,AIHs/admissions; not unique patients
MDB_HOSPITAL_FLOW_METHOD_1.0,33009,7244,0.98440088348978461,0.015599116510215351,0.0013804527885146328,4,AIHs/admissions; not unique patients
MDB_HOSPITAL_FLOW_METHOD_1.0,35011,7896,0.86322188449848025,0.13677811550151975,0.0031661600810536979,8,AIHs/admissions; not unique patients
MDB_HOSPITAL_FLOW_METHOD_1.0,35012,3332,0.90396158463385357,0.096038415366146462,,6,AIHs/admissions; not unique patients
MDB_HOSPITAL_FLOW_METHOD_1.0,35013,2912,0.57451923076923073,0.42548076923076922,0.0020604395604395605,7,AIHs/admissions; not unique patients
MDB_HOSPITAL_FLOW_METHOD_1.0,35014,3634,0.72867363786461203,0.27132636213538802,0.0027517886626307101,8,AIHs/admissions; not unique patients
MDB_HOSPITAL_FLOW_METHOD_1.0,35015,7589,0.92331005402556332,0.07668994597443668,0.0044801686651732772,5,AIHs/admissions; not unique patients
MDB_HOSPITAL_FLOW_METHOD_1.0,35016,34652,0.95899226595867482,0.041007734041325176,0.0030301281311324022,20,AIHs/admissions; not unique patients
MDB_HOSPITAL_FLOW_METHOD_1.0,35021,751,0.35818908122503329,0.64181091877496677,,4,AIHs/admissions; not unique patients
MDB_HOSPITAL_FLOW_METHOD_1.0,35022,523,0.31931166347992351,0.68068833652007643,,3,AIHs/admissions; not unique patients
MDB_HOSPITAL_FLOW_METHOD_1.0,35023,900,0.8455555555555555,0.15444444444444444,,3,AIHs/admissions; not unique patients
MDB_HOSPITAL_FLOW_METHOD_1.0,35031,828,0.81159420289855078,0.18840579710144928,0,3,AIHs/admissions; not unique patients
MDB_HOSPITAL_FLOW_METHOD_1.0,35032,870,0.53448275862068961,0.46551724137931033,0,8,AIHs/admissions; not unique patients
MDB_HOSPITAL_FLOW_METHOD_1.0,35033,894,0.82214765100671139,0.17785234899328858,,4,AIHs/admissions; not unique patients
MDB_HOSPITAL_FLOW_METHOD_1.0,35041,5023,0.92375074656579736,0.076249253434202663,0.0041807684650607205,5,AIHs/admissions; not unique patients
MDB_HOSPITAL_FLOW_METHOD_1.0,35051,1024,0.986328125,0.013671875,,1,AIHs/admissions; not unique patients
MDB_HOSPITAL_FLOW_METHOD_1.0,35052,267,0.21348314606741572,0.7865168539325843,0,4,AIHs/admissions; not unique patients
MDB_HOSPITAL_FLOW_METHOD_1.0,35061,1082,0.25231053604436227,0.74768946395563773,,5,AIHs/admissions; not unique patients
MDB_HOSPITAL_FLOW_METHOD_1.0,35062,2621,0.11178939336131248,0.88821060663868756,0.0019076688286913392,8,AIHs/admissions; not unique patients
MDB_HOSPITAL_FLOW_METHOD_1.0,35063,1526,0.81127129750982963,0.18872870249017037,0,4,AIHs/admissions; not unique patients
MDB_HOSPITAL_FLOW_METHOD_1.0,35064,2993,0.88840628132308719,0.1115937186769128,0,5,AIHs/admissions; not unique patients
MDB_HOSPITAL_FLOW_METHOD_1.0,35065,1030,0.69999999999999996,0.29999999999999999,0,5,AIHs/admissions; not unique patients
MDB_HOSPITAL_FLOW_METHOD_1.0,35071,1565,0.32651757188498404,0.67348242811501602,,6,AIHs/admissions; not unique patients
MDB_HOSPITAL_FLOW_METHOD_1.0,35072,9869,0.74769480190495496,0.25230519809504509,0.0033438038301752964,12,AIHs/admissions; not unique patients
MDB_HOSPITAL_FLOW_METHOD_1.0,35073,3348,0.82676224611708482,0.17323775388291518,,7,AIHs/admissions; not unique patients
MDB_HOSPITAL_FLOW_METHOD_1.0,35074,784,0.79591836734693877,0.20408163265306123,,3,AIHs/admissions; not unique patients
MDB_HOSPITAL_FLOW_METHOD_1.0,35081,2921,0.99486477233824033,0.0051352276617596714,0,3,AIHs/admissions; not unique patients
MDB_HOSPITAL_FLOW_METHOD_1.0,35082,773,0.39068564036222508,0.60931435963777492,0,4,AIHs/admissions; not unique patients
MDB_HOSPITAL_FLOW_METHOD_1.0,35083,666,0.65165165165165162,0.34834834834834832,,3,AIHs/admissions; not unique patients
MDB_HOSPITAL_FLOW_METHOD_1.0,35091,2276,0.87829525483304038,0.12170474516695957,0,4,AIHs/admissions; not unique patients
MDB_HOSPITAL_FLOW_METHOD_1.0,35092,1332,0.22147147147147148,0.7785285285285285,,3,AIHs/admissions; not unique patients
MDB_HOSPITAL_FLOW_METHOD_1.0,35093,5379,0.9423684699758319,0.057631530024168064,0.00092954080684142036,5,AIHs/admissions; not unique patients
MDB_HOSPITAL_FLOW_METHOD_1.0,35094,788,0.079949238578680207,0.92005076142131981,0.0063451776649746192,5,AIHs/admissions; not unique patients
MDB_HOSPITAL_FLOW_METHOD_1.0,35095,1622,0.11652281134401973,0.88347718865598024,0.025277435265104811,6,AIHs/admissions; not unique patients
MDB_HOSPITAL_FLOW_METHOD_1.0,35101,1085,0.41382488479262675,0.58617511520737331,,4,AIHs/admissions; not unique patients
MDB_HOSPITAL_FLOW_METHOD_1.0,35102,1026,0.716374269005848,0.28362573099415206,0,5,AIHs/admissions; not unique patients
MDB_HOSPITAL_FLOW_METHOD_1.0,35103,1395,0.086021505376344093,0.91397849462365588,,6,AIHs/admissions; not unique patients
MDB_HOSPITAL_FLOW_METHOD_1.0,35104,386,0.94300518134715028,0.056994818652849742,,2,AIHs/admissions; not unique patients
MDB_HOSPITAL_FLOW_METHOD_1.0,35111,968,0.18388429752066116,0.81611570247933884,,4,AIHs/admissions; not unique patients
MDB_HOSPITAL_FLOW_METHOD_1.0,35112,4078,0.98871996076508095,0.011280039234919078,0.0014713094654242277,5,AIHs/admissions; not unique patients
MDB_HOSPITAL_FLOW_METHOD_1.0,35113,512,0.462890625,0.537109375,0,3,AIHs/admissions; not unique patients
MDB_HOSPITAL_FLOW_METHOD_1.0,35114,854,0.65222482435597184,0.3477751756440281,,3,AIHs/admissions; not unique patients
MDB_HOSPITAL_FLOW_METHOD_1.0,35115,765,0.36078431372549019,0.63921568627450975,,3,AIHs/admissions; not unique patients
MDB_HOSPITAL_FLOW_METHOD_1.0,35121,512,0.58984375,0.41015625,,5,AIHs/admissions; not unique patients
MDB_HOSPITAL_FLOW_METHOD_1.0,35131,1595,0.13479623824451412,0.86520376175548586,0.0043887147335423199,3,AIHs/admissions; not unique patients
MDB_HOSPITAL_FLOW_METHOD_1.0,35132,4424,0.96044303797468356,0.039556962025316458,0.0027124773960216998,7,AIHs/admissions; not unique patients
MDB_HOSPITAL_FLOW_METHOD_1.0,35133,1076,0.59572490706319703,0.40427509293680297,,2,AIHs/admissions; not unique patients
MDB_HOSPITAL_FLOW_METHOD_1.0,35141,3686,0.76315789473684215,0.23684210526315788,,4,AIHs/admissions; not unique patients
MDB_HOSPITAL_FLOW_METHOD_1.0,35142,4227,0.80458954341140287,0.19541045658859713,0,5,AIHs/admissions; not unique patients
MDB_HOSPITAL_FLOW_METHOD_1.0,35143,4449,0.78961564396493589,0.21038435603506406,,4,AIHs/admissions; not unique patients
MDB_HOSPITAL_FLOW_METHOD_1.0,35151,1779,0.97582911748173129,0.02417088251826869,,2,AIHs/admissions; not unique patients
MDB_HOSPITAL_FLOW_METHOD_1.0,35152,186,0.048387096774193547,0.95161290322580649,0,4,AIHs/admissions; not unique patients
MDB_HOSPITAL_FLOW_METHOD_1.0,35153,445,0.015730337078651686,0.98426966292134832,0,3,AIHs/admissions; not unique patients
MDB_HOSPITAL_FLOW_METHOD_1.0,35154,275,0.040000000000000001,0.95999999999999996,0,4,AIHs/admissions; not unique patients
MDB_HOSPITAL_FLOW_METHOD_1.0,35155,5388,0.97661469933184852,0.023385300668151449,0.0011135857461024498,4,AIHs/admissions; not unique patients
MDB_HOSPITAL_FLOW_METHOD_1.0,35156,457,0.31509846827133481,0.68490153172866519,0,2,AIHs/admissions; not unique patients
MDB_HOSPITAL_FLOW_METHOD_1.0,35157,1021,0.43878550440744368,0.56121449559255632,,4,AIHs/admissions; not unique patients
MDB_HOSPITAL_FLOW_METHOD_1.0,35161,974,0.78952772073921973,0.2104722792607803,,4,AIHs/admissions; not unique patients
MDB_HOSPITAL_FLOW_METHOD_1.0,35162,334,0.20359281437125748,0.79640718562874246,,2,AIHs/admissions; not unique patients
MDB_HOSPITAL_FLOW_METHOD_1.0,35163,4945,0.95106167846309408,0.048938321536905964,0.0020222446916076846,8,AIHs/admissions; not unique patients
MDB_HOSPITAL_FLOW_METHOD_1.0,35171,5809,0.95369254604923392,0.046307453950766055,0.0018936133585815114,6,AIHs/admissions; not unique patients
MDB_HOSPITAL_FLOW_METHOD_1.0,35172,1084,0.26660516605166051,0.73339483394833949,0.027675276752767528,7,AIHs/admissions; not unique patients
MDB_HOSPITAL_FLOW_METHOD_1.0,35173,1703,0.78038755137991778,0.2196124486200822,0,4,AIHs/admissions; not unique patients
MDB_HOSPITAL_FLOW_METHOD_1.0,35174,1508,0.18965517241379309,0.81034482758620685,0.0033156498673740055,6,AIHs/admissions; not unique patients
MDB_HOSPITAL_FLOW_METHOD_1.0,41001,1045,0.066985645933014357,0.93301435406698563,0.0057416267942583732,6,AIHs/admissions; not unique patients
MDB_HOSPITAL_FLOW_METHOD_1.0,41002,14169,0.91502576046298256,0.084974239537017437,0.0051520925965135153,12,AIHs/admissions; not unique patients
MDB_HOSPITAL_FLOW_METHOD_1.0,41003,1882,0.53294367693942613,0.46705632306057387,0.0058448459086078638,8,AIHs/admissions; not unique patients
MDB_HOSPITAL_FLOW_METHOD_1.0,41004,801,0.52559300873907611,0.47440699126092384,0,9,AIHs/admissions; not unique patients
MDB_HOSPITAL_FLOW_METHOD_1.0,41005,1896,0.25052742616033757,0.74947257383966248,0.0036919831223628692,10,AIHs/admissions; not unique patients
MDB_HOSPITAL_FLOW_METHOD_1.0,41006,597,0.48408710217755446,0.51591289782244554,,4,AIHs/admissions; not unique patients
MDB_HOSPITAL_FLOW_METHOD_1.0,41007,689,0.15384615384615385,0.84615384615384615,0.018867924528301886,9,AIHs/admissions; not unique patients
MDB_HOSPITAL_FLOW_METHOD_1.0,41008,851,0.33960047003525262,0.66039952996474738,0.012925969447708578,9,AIHs/admissions; not unique patients
MDB_HOSPITAL_FLOW_METHOD_1.0,41009,2650,0.73886792452830186,0.26113207547169809,0.004528301886792453,8,AIHs/admissions; not unique patients
MDB_HOSPITAL_FLOW_METHOD_1.0,41010,1688,0.01066350710900474,0.98933649289099523,0.012440758293838863,9,AIHs/admissions; not unique patients
MDB_HOSPITAL_FLOW_METHOD_1.0,41011,1820,0.1478021978021978,0.85219780219780217,0.0027472527472527475,9,AIHs/admissions; not unique patients
MDB_HOSPITAL_FLOW_METHOD_1.0,41012,3362,0.75371802498512785,0.24628197501487209,,7,AIHs/admissions; not unique patients
MDB_HOSPITAL_FLOW_METHOD_1.0,41013,603,0.039800995024875621,0.96019900497512434,,8,AIHs/admissions; not unique patients
MDB_HOSPITAL_FLOW_METHOD_1.0,41014,1603,0.42046163443543355,0.57953836556456639,,7,AIHs/admissions; not unique patients
MDB_HOSPITAL_FLOW_METHOD_1.0,41015,4567,0.71863367637398734,0.28136632362601272,0.0052550908692796149,9,AIHs/admissions; not unique patients
MDB_HOSPITAL_FLOW_METHOD_1.0,41016,4197,0.9070764832022874,0.092923516797712657,0.0023826542768644269,7,AIHs/admissions; not unique patients
MDB_HOSPITAL_FLOW_METHOD_1.0,41017,7623,0.92561983471074383,0.0743801652892562,0.0023612750885478157,10,AIHs/admissions; not unique patients
MDB_HOSPITAL_FLOW_METHOD_1.0,41018,1388,0.21974063400576369,0.78025936599423629,,9,AIHs/admissions; not unique patients
MDB_HOSPITAL_FLOW_METHOD_1.0,41019,1362,0.023494860499265784,0.97650513950073425,,9,AIHs/admissions; not unique patients
MDB_HOSPITAL_FLOW_METHOD_1.0,41020,1444,0.068559556786703599,0.93144044321329644,0.0069252077562326868,9,AIHs/admissions; not unique patients
MDB_HOSPITAL_FLOW_METHOD_1.0,41021,1209,0.0057899090157154673,0.99421009098428448,,7,AIHs/admissions; not unique patients
MDB_HOSPITAL_FLOW_METHOD_1.0,41022,1247,0.0040096230954290296,0.99599037690457093,0,7,AIHs/admissions; not unique patients
MDB_HOSPITAL_FLOW_METHOD_1.0,42001,1192,0.68959731543624159,0.31040268456375841,,7,AIHs/admissions; not unique patients
MDB_HOSPITAL_FLOW_METHOD_1.0,42002,1388,0.58717579250720464,0.41282420749279541,0.0043227665706051877,7,AIHs/admissions; not unique patients
MDB_HOSPITAL_FLOW_METHOD_1.0,42003,1075,0.56465116279069771,0.43534883720930234,,5,AIHs/admissions; not unique patients
MDB_HOSPITAL_FLOW_METHOD_1.0,42004,3163,0.94119506797344299,0.058804932026557066,,8,AIHs/admissions; not unique patients
MDB_HOSPITAL_FLOW_METHOD_1.0,42005,1688,0.15817535545023698,0.84182464454976302,0.0071090047393364926,6,AIHs/admissions; not unique patients
MDB_HOSPITAL_FLOW_METHOD_1.0,42006,6779,0.91635934503614103,0.083640654963858974,0.001475143826523086,6,AIHs/admissions; not unique patients
MDB_HOSPITAL_FLOW_METHOD_1.0,42007,9483,0.98523673942845091,0.014763260571549088,0.0024253928081830645,7,AIHs/admissions; not unique patients
MDB_HOSPITAL_FLOW_METHOD_1.0,42008,1161,0.54608096468561584,0.45391903531438416,,6,AIHs/admissions; not unique patients
MDB_HOSPITAL_FLOW_METHOD_1.0,42009,1589,0.69414726242920077,0.30585273757079923,0,8,AIHs/admissions; not unique patients
MDB_HOSPITAL_FLOW_METHOD_1.0,42010,741,0.79352226720647778,0.20647773279352227,,5,AIHs/admissions; not unique patients
MDB_HOSPITAL_FLOW_METHOD_1.0,42011,3855,0.91854734111543446,0.081452658884565501,0.0028534370946822307,4,AIHs/admissions; not unique patients
MDB_HOSPITAL_FLOW_METHOD_1.0,42012,819,0.44688644688644691,0.55311355311355315,0.009768009768009768,6,AIHs/admissions; not unique patients
MDB_HOSPITAL_FLOW_METHOD_1.0,42013,1906,0.62539349422875135,0.37460650577124871,0.0036726128016789086,7,AIHs/admissions; not unique patients
MDB_HOSPITAL_FLOW_METHOD_1.0,42014,1531,0.73350751143043758,0.26649248856956237,0.0084911822338340961,8,AIHs/admissions; not unique patients
MDB_HOSPITAL_FLOW_METHOD_1.0,42015,1767,0.73401245048104136,0.2659875495189587,0.0067911714770797962,7,AIHs/admissions; not unique patients
MDB_HOSPITAL_FLOW_METHOD_1.0,42016,3332,0.64735894357743096,0.35264105642256904,,7,AIHs/admissions; not unique patients
MDB_HOSPITAL_FLOW_METHOD_1.0,42017,1119,0.54870420017873101,0.45129579982126899,0.0062555853440571943,5,AIHs/admissions; not unique patients
MDB_HOSPITAL_FLOW_METHOD_1.0,43001,3129,0.86577181208053688,0.13422818791946309,0,12,AIHs/admissions; not unique patients
MDB_HOSPITAL_FLOW_METHOD_1.0,43002,854,0.77049180327868849,0.22950819672131148,0,4,AIHs/admissions; not unique patients
MDB_HOSPITAL_FLOW_METHOD_1.0,43003,2845,0.86502636203866434,0.13497363796133569,,7,AIHs/admissions; not unique patients
MDB_HOSPITAL_FLOW_METHOD_1.0,43004,957,0.43364681295715779,0.56635318704284221,0.067920585161964475,7,AIHs/admissions; not unique patients
MDB_HOSPITAL_FLOW_METHOD_1.0,43005,1434,0.72175732217573219,0.27824267782426776,0,8,AIHs/admissions; not unique patients
MDB_HOSPITAL_FLOW_METHOD_1.0,43006,2654,0.87641296156744541,0.12358703843255464,,7,AIHs/admissions; not unique patients
MDB_HOSPITAL_FLOW_METHOD_1.0,43007,4779,0.76564134756225155,0.23435865243774848,0.0023017367650136011,9,AIHs/admissions; not unique patients
MDB_HOSPITAL_FLOW_METHOD_1.0,43008,4623,0.93142980748431758,0.068570192515682457,0.0025957170668397143,9,AIHs/admissions; not unique patients
MDB_HOSPITAL_FLOW_METHOD_1.0,43009,2833,0.51394281680197673,0.48605718319802332,0.0017649135192375574,9,AIHs/admissions; not unique patients
MDB_HOSPITAL_FLOW_METHOD_1.0,43010,13183,0.94515664112872644,0.054843358871273611,0.0059167109155730865,11,AIHs/admissions; not unique patients
MDB_HOSPITAL_FLOW_METHOD_1.0,43011,1646,0.95686512758201703,0.043134872417982986,,5,AIHs/admissions; not unique patients
MDB_HOSPITAL_FLOW_METHOD_1.0,43012,426,0.34507042253521125,0.65492957746478875,,9,AIHs/admissions; not unique patients
MDB_HOSPITAL_FLOW_METHOD_1.0,43013,2157,0.93880389429763555,0.061196105702364396,0,8,AIHs/admissions; not unique patients
MDB_HOSPITAL_FLOW_METHOD_1.0,43014,2295,0.95947712418300657,0.040522875816993466,,4,AIHs/admissions; not unique patients
MDB_HOSPITAL_FLOW_METHOD_1.0,43015,1793,0.9196876742889013,0.080312325711098712,,7,AIHs/admissions; not unique patients
MDB_HOSPITAL_FLOW_METHOD_1.0,43016,802,0.63591022443890277,0.36408977556109728,0.0087281795511221939,7,AIHs/admissions; not unique patients
MDB_HOSPITAL_FLOW_METHOD_1.0,43017,2345,0.90021321961620471,0.099786780383795307,,8,AIHs/admissions; not unique patients
MDB_HOSPITAL_FLOW_METHOD_1.0,43018,909,0.71727172717271725,0.28272827282728275,,5,AIHs/admissions; not unique patients
MDB_HOSPITAL_FLOW_METHOD_1.0,43019,621,0.40579710144927539,0.59420289855072461,0,6,AIHs/admissions; not unique patients
MDB_HOSPITAL_FLOW_METHOD_1.0,43020,1084,0.82933579335793361,0.17066420664206641,,7,AIHs/admissions; not unique patients
MDB_HOSPITAL_FLOW_METHOD_1.0,43021,8307,0.9943421211026845,0.0056578788973155169,0.0018057060310581437,3,AIHs/admissions; not unique patients
MDB_HOSPITAL_FLOW_METHOD_1.0,43022,863,0.75086906141367327,0.24913093858632676,0,4,AIHs/admissions; not unique patients
MDB_HOSPITAL_FLOW_METHOD_1.0,43023,4664,0.96590909090909094,0.034090909090909088,0.0025728987993138938,6,AIHs/admissions; not unique patients
MDB_HOSPITAL_FLOW_METHOD_1.0,43024,532,0.026315789473684209,0.97368421052631582,0.0093984962406015032,7,AIHs/admissions; not unique patients
MDB_HOSPITAL_FLOW_METHOD_1.0,43025,2079,0.71765271765271765,0.28234728234728235,0.0024050024050024051,5,AIHs/admissions; not unique patients
MDB_HOSPITAL_FLOW_METHOD_1.0,43026,1164,0.6967353951890034,0.30326460481099654,0,5,AIHs/admissions; not unique patients
MDB_HOSPITAL_FLOW_METHOD_1.0,43027,981,0.82772680937818555,0.17227319062181448,0,7,AIHs/admissions; not unique patients
MDB_HOSPITAL_FLOW_METHOD_1.0,43028,1896,0.90031645569620256,0.099683544303797472,0.019514767932489453,9,AIHs/admissions; not unique patients
MDB_HOSPITAL_FLOW_METHOD_1.0,43029,2475,0.82505050505050503,0.17494949494949494,,7,AIHs/admissions; not unique patients
MDB_HOSPITAL_FLOW_METHOD_1.0,43030,1262,0.72741679873217113,0.27258320126782887,0,7,AIHs/admissions; not unique patients
MDB_HOSPITAL_FLOW_METHOD_1.0,50009,697,0.59827833572453371,0.40172166427546629,,3,AIHs/admissions; not unique patients
MDB_HOSPITAL_FLOW_METHOD_1.0,50010,125,0.74399999999999999,0.25600000000000001,0,4,AIHs/admissions; not unique patients
MDB_HOSPITAL_FLOW_METHOD_1.0,50011,2018,0.93954410307234881,0.060455896927651138,0.034192269573835483,5,AIHs/admissions; not unique patients
MDB_HOSPITAL_FLOW_METHOD_1.0,50012,654,0.85932721712538229,0.14067278287461774,0.029051987767584098,4,AIHs/admissions; not unique patients
MDB_HOSPITAL_FLOW_METHOD_1.0,50013,280,0.12857142857142856,0.87142857142857144,0.03214285714285714,3,AIHs/admissions; not unique patients
MDB_HOSPITAL_FLOW_METHOD_1.0,50014,1019,0.93228655544651617,0.067713444553483812,0.0049067713444553487,2,AIHs/admissions; not unique patients
MDB_HOSPITAL_FLOW_METHOD_1.0,50015,952,0.80567226890756305,0.19432773109243698,0.0052521008403361349,3,AIHs/admissions; not unique patients
MDB_HOSPITAL_FLOW_METHOD_1.0,50016,300,0.60666666666666669,0.39333333333333331,,4,AIHs/admissions; not unique patients
MDB_HOSPITAL_FLOW_METHOD_1.0,50017,469,0.50106609808102343,0.49893390191897652,,4,AIHs/admissions; not unique patients
MDB_HOSPITAL_FLOW_METHOD_1.0,51001,336,0.5892857142857143,0.4107142857142857,,3,AIHs/admissions; not unique patients
MDB_HOSPITAL_FLOW_METHOD_1.0,51002,1611,0.97517070142768469,0.024829298572315334,0.016759776536312849,3,AIHs/admissions; not unique patients
MDB_HOSPITAL_FLOW_METHOD_1.0,51003,153,0.59477124183006536,0.40522875816993464,0.032679738562091505,2,AIHs/admissions; not unique patients
MDB_HOSPITAL_FLOW_METHOD_1.0,51004,165,0.078787878787878782,0.92121212121212126,0,3,AIHs/admissions; not unique patients
MDB_HOSPITAL_FLOW_METHOD_1.0,51005,152,0.40131578947368424,0.59868421052631582,0.065789473684210523,4,AIHs/admissions; not unique patients
MDB_HOSPITAL_FLOW_METHOD_1.0,51006,129,0.15503875968992248,0.84496124031007747,0.03875968992248062,3,AIHs/admissions; not unique patients
MDB_HOSPITAL_FLOW_METHOD_1.0,51007,440,0.37045454545454548,0.62954545454545452,0.013636363636363636,3,AIHs/admissions; not unique patients
MDB_HOSPITAL_FLOW_METHOD_1.0,51008,191,0.51308900523560208,0.48691099476439792,0.057591623036649213,3,AIHs/admissions; not unique patients
MDB_HOSPITAL_FLOW_METHOD_1.0,51009,11,0.54545454545454541,0.45454545454545453,,1,AIHs/admissions; not unique patients
MDB_HOSPITAL_FLOW_METHOD_1.0,51010,56,0.089285714285714288,0.9107142857142857,0,2,AIHs/admissions; not unique patients
MDB_HOSPITAL_FLOW_METHOD_1.0,51011,316,0.037974683544303799,0.96202531645569622,,3,AIHs/admissions; not unique patients
MDB_HOSPITAL_FLOW_METHOD_1.0,51012,109,0.073394495412844041,0.92660550458715596,,2,AIHs/admissions; not unique patients
MDB_HOSPITAL_FLOW_METHOD_1.0,51013,3718,0.98305540613232922,0.01694459386767079,0.0043033889187735338,2,AIHs/admissions; not unique patients
MDB_HOSPITAL_FLOW_METHOD_1.0,51014,774,0.42248062015503873,0.57751937984496127,0.015503875968992248,3,AIHs/admissions; not unique patients
MDB_HOSPITAL_FLOW_METHOD_1.0,51015,90,0.73333333333333328,0.26666666666666666,0,2,AIHs/admissions; not unique patients
MDB_HOSPITAL_FLOW_METHOD_1.0,51016,176,0.55113636363636365,0.44886363636363635,,2,AIHs/admissions; not unique patients
MDB_HOSPITAL_FLOW_METHOD_1.0,52001,10947,0.79957979355074449,0.20042020644925551,0.0031058737553667673,8,AIHs/admissions; not unique patients
MDB_HOSPITAL_FLOW_METHOD_1.0,52002,6490,0.75346687211093988,0.24653312788906009,0.0023112480739599386,5,AIHs/admissions; not unique patients
MDB_HOSPITAL_FLOW_METHOD_1.0,52003,736,0.56793478260869568,0.43206521739130432,0.15217391304347827,7,AIHs/admissions; not unique patients
MDB_HOSPITAL_FLOW_METHOD_1.0,52004,1820,0.047802197802197799,0.95219780219780215,0.62747252747252746,7,AIHs/admissions; not unique patients
MDB_HOSPITAL_FLOW_METHOD_1.0,52005,492,0.36788617886178859,0.63211382113821135,0.032520325203252036,5,AIHs/admissions; not unique patients
MDB_HOSPITAL_FLOW_METHOD_1.0,52006,111,0.090090090090090086,0.90990990990990994,,5,AIHs/admissions; not unique patients
MDB_HOSPITAL_FLOW_METHOD_1.0,52007,326,0.49079754601226994,0.50920245398773001,,5,AIHs/admissions; not unique patients
MDB_HOSPITAL_FLOW_METHOD_1.0,52008,264,0.39393939393939392,0.60606060606060608,,4,AIHs/admissions; not unique patients
MDB_HOSPITAL_FLOW_METHOD_1.0,52009,201,0.15920398009950248,0.84079601990049746,0,5,AIHs/admissions; not unique patients
MDB_HOSPITAL_FLOW_METHOD_1.0,52010,300,0.11666666666666667,0.8833333333333333,0,4,AIHs/admissions; not unique patients
MDB_HOSPITAL_FLOW_METHOD_1.0,52011,5014,0.95133625847626646,0.048663741523733546,0.0041882728360590343,5,AIHs/admissions; not unique patients
MDB_HOSPITAL_FLOW_METHOD_1.0,52012,463,0.038876889848812095,0.9611231101511879,0.023758099352051837,6,AIHs/admissions; not unique patients
MDB_HOSPITAL_FLOW_METHOD_1.0,52013,671,0.46944858420268254,0.53055141579731746,,5,AIHs/admissions; not unique patients
MDB_HOSPITAL_FLOW_METHOD_1.0,52014,481,0.66735966735966734,0.33264033264033266,0,4,AIHs/admissions; not unique patients
MDB_HOSPITAL_FLOW_METHOD_1.0,52015,1069,0.81197380729653879,0.18802619270346119,0.0046772684752104769,6,AIHs/admissions; not unique patients
MDB_HOSPITAL_FLOW_METHOD_1.0,52016,700,0.6171428571428571,0.38285714285714284,0.0085714285714285719,4,AIHs/admissions; not unique patients
MDB_HOSPITAL_FLOW_METHOD_1.0,52017,879,0.76336746302616609,0.23663253697383391,0.0056882821387940841,6,AIHs/admissions; not unique patients
MDB_HOSPITAL_FLOW_METHOD_1.0,52018,635,0.60629921259842523,0.39370078740157483,0.036220472440944881,6,AIHs/admissions; not unique patients
MDB_HOSPITAL_FLOW_METHOD_1.0,53001,12019,0.99093102587569681,0.0090689741243031863,0.0090689741243031863,6,AIHs/admissions; not unique patients
